stop_id,stop_name,aliases,lat,lng,zone,district,ward,is_major_stop,landmark,has_shelter,has_ticket_counter,is_interchange,wheelchair_access,audio_support,status,unverified_fields,created_at,updated_at,geo_out_of_bounds
S0002,Kapan Stop,,27.72964895259044,85.35455341742289,Budhanilakantha,KATHMANDU,7,False,Kapan Stop Chowk / Junction,False,False,True,False,False,active,"{ward,landmark,has_shelter,has_ticket_counter,wheelchair_access,audio_support}",2026-08-03T02:39:13Z,2026-09-08T11:06:33Z,False
S0003,Shobhabhagwati,,27.7181,85.312185,Kathmandu,KATHMANDU,20,False,Shobhabhagwati Chowk / Junction,False,False,True,False,False,active,"{ward,landmark,has_shelter,has_ticket_counter,wheelchair_access,audio_support}",2026-08-03T02:39:13Z,2026-09-08T11:06:33Z,False
S0004,Kaushaltar,,27.674592,85.364322,Madhyapur Thimi,BHAKTAPUR,29,True,Kaushaltar Chowk / Junction,False,False,True,False,False,active,"{ward,landmark,has_shelter,has_ticket_counter,wheelchair_access,audio_support}",2026-08-03T02:39:13Z,2026-09-08T11:06:33Z,False
S0005,Putalisadak Stop,,27.707376,85.322401,Kathmandu,KATHMANDU,15,True,Putalisadak Stop Chowk / Junction,False,False,True,False,False,active,"{ward,landmark,has_shelter,has_ticket_counter,wheelchair_access,audio_support}",2026-08-03T02:39:13Z,2026-09-08T11:06:33Z,False
S0006,KattyaniChowk Stop,,27.695366,85.344466,Kathmandu,KATHMANDU,11,False,KattyaniChowk Stop Chowk / Junction,False,False,True,False,False,active,"{ward,landmark,has_shelter,has_ticket_counter,wheelchair_access,audio_support}",2026-08-03T02:39:13Z,2026-09-08T11:06:33Z,False
S0007,Chardobato,,27.6736067403456,85.38003209138644,Madhyapur Thimi,BHAKTAPUR,8,True,Chardobato Chowk / Junction,False,False,True,False,False,active,"{ward,landmark,has_shelter,has_ticket_counter,wheelchair_access,audio_support}",2026-08-03T02:39:13Z,2026-09-08T11:06:33Z,False
S0008,Sataungal,,27.686988,85.2506,Chandragiri,KATHMANDU,29,False,Sataungal Chowk / Junction,False,False,True,False,False,active,"{ward,landmark,has_shelter,has_ticket_counter,wheelchair_access,audio_support}",2026-08-03T02:39:13Z,2026-09-08T11:06:33Z,False
S0010,Thankot,,27.706627,85.20574,Chandragiri,KATHMANDU,21,False,Thankot Chowk / Junction,False,False,True,False,False,active,"{ward,landmark,has_shelter,has_ticket_counter,wheelchair_access,audio_support}",2026-08-03T02:39:13Z,2026-09-08T11:06:33Z,False
S0011,Satdobato Chowk Stop,,27.65869029424097,85.32477566922677,Lalitpur,LALITPUR,7,True,Satdobato Chowk Stop Chowk / Junction,False,False,True,False,False,active,"{ward,landmark,has_shelter,has_ticket_counter,wheelchair_access,audio_support}",2026-08-03T02:39:13Z,2026-09-08T11:06:33Z,False
S0013,Ratna Park,,27.706599,85.31527,Kathmandu,KATHMANDU,19,True,Ratna Park Chowk / Junction,False,False,True,False,False,active,"{ward,landmark,has_shelter,has_ticket_counter,wheelchair_access,audio_support}",2026-08-03T02:39:13Z,2026-09-08T11:06:33Z,False
S0014,Sallaghari North,,27.67406,85.409786,Bhaktapur,BHAKTAPUR,23,True,Sallaghari Stop Chowk / Junction,False,False,True,False,False,active,"{ward,landmark,has_shelter,has_ticket_counter,wheelchair_access,audio_support}",2026-08-03T02:39:13Z,2026-09-08T11:06:33Z,False
S0015,Hanumanthan Stop,,27.693522,85.327603,Kathmandu,KATHMANDU,11,True,Hanumanthan Stop Chowk / Junction,False,False,True,False,False,active,"{ward,landmark,has_shelter,has_ticket_counter,wheelchair_access,audio_support}",2026-08-03T02:39:13Z,2026-09-08T11:06:33Z,False
S0016,Bhimsengola stop,,27.700377,85.343256,Kathmandu,KATHMANDU,11,False,Bhimsengola stop Chowk / Junction,False,False,True,False,False,active,"{ward,landmark,has_shelter,has_ticket_counter,wheelchair_access,audio_support}",2026-08-03T02:39:13Z,2026-09-08T11:06:33Z,False
S0017,Tinkune Stop,,27.685268,85.34876,Kathmandu,KATHMANDU,24,True,Tinkune Stop Chowk / Junction,False,False,True,False,False,active,"{ward,landmark,has_shelter,has_ticket_counter,wheelchair_access,audio_support}",2026-08-03T02:39:13Z,2026-09-08T11:06:33Z,False
S0018,Sankhamul Stop,,27.680801423208926,85.33100912459068,Lalitpur,LALITPUR,21,False,Sankhamul Stop Chowk / Junction,False,False,True,False,False,active,"{ward,landmark,has_shelter,has_ticket_counter,wheelchair_access,audio_support}",2026-08-03T02:39:13Z,2026-09-08T11:06:33Z,False
S0020,Gwarko Chowk Stop,,27.666615,85.332168,Lalitpur,LALITPUR,4,True,Gwarko Chowk Stop Chowk / Junction,False,False,True,False,False,active,"{ward,landmark,has_shelter,has_ticket_counter,wheelchair_access,audio_support}",2026-08-03T02:39:13Z,2026-09-08T11:06:33Z,False
S0022,Lokanthali North,,27.674829,85.359862,Madhyapur Thimi,BHAKTAPUR,24,True,Lokanthali Chowk / Junction,False,False,True,False,False,active,"{ward,landmark,has_shelter,has_ticket_counter,wheelchair_access,audio_support}",2026-08-03T02:39:13Z,2026-09-08T11:06:33Z,False
S0023,Kalimati,,27.698325,85.299434,Kathmandu,KATHMANDU,3,True,Kalimati Chowk / Junction,False,False,True,False,False,active,"{ward,landmark,has_shelter,has_ticket_counter,wheelchair_access,audio_support}",2026-08-03T02:39:13Z,2026-09-08T11:06:33Z,False
S0024,Balkumari Stop,,27.673467,85.342022,Lalitpur,LALITPUR,22,True,Balkumari Stop Chowk / Junction,False,False,True,False,False,active,"{ward,landmark,has_shelter,has_ticket_counter,wheelchair_access,audio_support}",2026-08-03T02:39:13Z,2026-09-08T11:06:33Z,False
S0025,Kamal Binayak,,27.677367,85.436892,Bhaktapur,BHAKTAPUR,21,False,Kamal Binayak Chowk / Junction,False,False,True,False,False,active,"{ward,landmark,has_shelter,has_ticket_counter,wheelchair_access,audio_support}",2026-08-03T02:39:13Z,2026-09-08T11:06:33Z,False
S0026,Boudha,,27.720646,85.361758,Kathmandu,KATHMANDU,2,True,Boudha Chowk / Junction,False,False,True,False,False,active,"{ward,landmark,has_shelter,has_ticket_counter,wheelchair_access,audio_support}",2026-08-03T02:39:13Z,2026-09-08T11:06:33Z,False
S0027,KMC stop,,27.695834,85.352791,Kathmandu,KATHMANDU,24,False,KMC stop Chowk / Junction,False,False,True,False,False,active,"{ward,landmark,has_shelter,has_ticket_counter,wheelchair_access,audio_support}",2026-08-03T02:39:13Z,2026-09-08T11:06:33Z,False
S0028,Babarmahal,,27.69232060177898,85.32441616005866,Kathmandu,KATHMANDU,12,True,Babarmahal Chowk / Junction,False,False,True,False,False,active,"{ward,landmark,has_shelter,has_ticket_counter,wheelchair_access,audio_support}",2026-08-03T02:39:13Z,2026-09-08T11:06:33Z,False
S0029,Minbhawan,,27.687689278401667,85.33847093582153,Kathmandu,KATHMANDU,30,True,Minbhawan Chowk / Junction,False,False,True,False,False,active,"{ward,landmark,has_shelter,has_ticket_counter,wheelchair_access,audio_support}",2026-08-03T02:39:13Z,2026-09-08T11:06:33Z,False
S0030,Chakrapath Stop-- South,,27.739835,85.336915,Kathmandu,KATHMANDU,6,True,Chakrapath Stop-- South Chowk / Junction,False,False,True,False,False,active,"{ward,landmark,has_shelter,has_ticket_counter,wheelchair_access,audio_support}",2026-08-03T02:39:13Z,2026-09-08T11:06:33Z,False
S0031,Bagbazar Stop,,27.705629,85.322828,Kathmandu,KATHMANDU,2,True,Bagbazar Stop Chowk / Junction,False,False,True,False,False,active,"{ward,landmark,has_shelter,has_ticket_counter,wheelchair_access,audio_support}",2026-08-03T02:39:13Z,2026-09-08T11:06:33Z,False
S0032,Dhapakhel Stop,,27.636147,85.328274,Lalitpur,LALITPUR,32,False,Dhapakhel Stop Chowk / Junction,False,False,True,False,False,active,"{ward,landmark,has_shelter,has_ticket_counter,wheelchair_access,audio_support}",2026-08-03T02:39:13Z,2026-09-08T11:06:33Z,False
S0033,Bijulibazar Stop,,27.692292,85.329614,Kathmandu,KATHMANDU,28,True,Bijulibazar Stop Chowk / Junction,False,False,True,False,False,active,"{ward,landmark,has_shelter,has_ticket_counter,wheelchair_access,audio_support}",2026-08-03T02:39:13Z,2026-09-08T11:06:33Z,False
S0034,Buddhanagar Stop,,27.689950384830183,85.32895983158356,Kathmandu,KATHMANDU,21,True,Buddhanagar Stop Chowk / Junction,False,False,True,False,False,active,"{ward,landmark,has_shelter,has_ticket_counter,wheelchair_access,audio_support}",2026-08-03T02:39:13Z,2026-09-08T11:06:33Z,False
S0035,Maiti Devi chowk,,27.703919,85.332651,Kathmandu,KATHMANDU,1,True,Maiti Devi chowk Chowk / Junction,False,False,True,False,False,active,"{ward,landmark,has_shelter,has_ticket_counter,wheelchair_access,audio_support}",2026-08-03T02:39:13Z,2026-09-08T11:06:33Z,False
S0036,Singha Durbar West Stop,,27.69659,85.321228,Kathmandu,KATHMANDU,12,True,Singha Durbar West Stop Chowk / Junction,False,False,True,False,False,active,"{ward,landmark,has_shelter,has_ticket_counter,wheelchair_access,audio_support}",2026-08-03T02:39:13Z,2026-09-08T11:06:33Z,False
S0038,Deuba Chowk stop,,27.773756,85.36033,Budhanilakantha,KATHMANDU,22,True,Deuba Chowk stop Chowk / Junction,False,False,True,False,False,active,"{ward,landmark,has_shelter,has_ticket_counter,wheelchair_access,audio_support}",2026-08-03T02:39:13Z,2026-09-08T11:06:33Z,False
S0039,Nagarkot,,27.718471,85.519066,Changunarayan,BHAKTAPUR,29,False,Nagarkot Chowk / Junction,False,False,True,False,False,active,"{ward,landmark,has_shelter,has_ticket_counter,wheelchair_access,audio_support}",2026-08-03T02:39:13Z,2026-09-08T11:06:33Z,False
S0040,Sundarijal,,27.757565,85.419394,Gokarneshwor,KATHMANDU,12,False,Sundarijal Chowk / Junction,False,False,True,False,False,active,"{ward,landmark,has_shelter,has_ticket_counter,wheelchair_access,audio_support}",2026-08-03T02:39:13Z,2026-09-08T11:06:33Z,False
S0041,BishnuDevi Health Centre,,27.680643327796727,85.27616876025853,Kirtipur,KATHMANDU,25,False,BishnuDevi Health Centre Chowk / Junction,False,False,True,False,False,active,"{ward,landmark,has_shelter,has_ticket_counter,wheelchair_access,audio_support}",2026-08-03T02:39:13Z,2026-09-08T11:06:33Z,False
S0042,Kamaladi Road (कमलादी) stop,,27.707997,85.321282,Kathmandu,KATHMANDU,17,True,Kamaladi Road (कमलादी) stop Chowk / Junction,False,False,True,False,False,active,"{ward,landmark,has_shelter,has_ticket_counter,wheelchair_access,audio_support}",2026-08-03T02:39:13Z,2026-09-08T11:06:33Z,False
S0043,TU Gate,,27.67888,85.297212,Kirtipur,KATHMANDU,27,True,TU Gate Chowk / Junction,False,False,True,False,False,active,"{ward,landmark,has_shelter,has_ticket_counter,wheelchair_access,audio_support}",2026-08-03T02:39:13Z,2026-09-08T11:06:33Z,False
S0044,Narayan Gopal Chowk,,27.740009,85.337114,Kathmandu,KATHMANDU,27,True,Narayan Gopal Chowk Chowk / Junction,False,False,True,False,False,active,"{ward,landmark,has_shelter,has_ticket_counter,wheelchair_access,audio_support}",2026-08-03T02:39:13Z,2026-09-08T11:06:33Z,False
S0045,Ratopul,,27.708117,85.336428,Kathmandu,KATHMANDU,31,False,Ratopul Chowk / Junction,False,False,True,False,False,active,"{ward,landmark,has_shelter,has_ticket_counter,wheelchair_access,audio_support}",2026-08-03T02:39:13Z,2026-09-08T11:06:33Z,False
S0046,Tempo Stop Near Old Baneshwar,,27.700669,85.339677,Kathmandu,KATHMANDU,10,False,Tempo Stop Near Old Baneshwar Chowk / Junction,False,False,True,False,False,active,"{ward,landmark,has_shelter,has_ticket_counter,wheelchair_access,audio_support}",2026-08-03T02:39:13Z,2026-09-08T11:06:33Z,False
S0049,Naya Bato,,27.676114,85.293897,Kirtipur,KATHMANDU,32,True,Naya Bato Chowk / Junction,False,False,True,False,False,active,"{ward,landmark,has_shelter,has_ticket_counter,wheelchair_access,audio_support}",2026-08-03T02:39:13Z,2026-09-08T11:06:33Z,False
S0050,Mahalaxmi Stop,,27.676102,85.433768,Bhaktapur,BHAKTAPUR,28,False,Mahalaxmi Stop Chowk / Junction,False,False,True,False,False,active,"{ward,landmark,has_shelter,has_ticket_counter,wheelchair_access,audio_support}",2026-08-03T02:39:13Z,2026-09-08T11:06:33Z,False
S0051,Tangal,,27.717246,85.33043,Kathmandu,KATHMANDU,28,False,Tangal Chowk / Junction,False,False,True,False,False,active,"{ward,landmark,has_shelter,has_ticket_counter,wheelchair_access,audio_support}",2026-08-03T02:39:13Z,2026-09-08T11:06:33Z,False
S0052,JayaBageshwari Stop,,27.710081,85.344093,Kathmandu,KATHMANDU,16,True,JayaBageshwari Stop Chowk / Junction,False,False,True,False,False,active,"{ward,landmark,has_shelter,has_ticket_counter,wheelchair_access,audio_support}",2026-08-03T02:39:13Z,2026-09-08T11:06:33Z,False
S0053,Gairigaun Stop,,27.68759899298515,85.3507072233705,Kathmandu,KATHMANDU,15,True,Gairigaun Stop Chowk / Junction,False,False,True,False,False,active,"{ward,landmark,has_shelter,has_ticket_counter,wheelchair_access,audio_support}",2026-08-03T02:39:13Z,2026-09-08T11:06:33Z,False
S0054,Nikap,,27.686091,85.26229,Chandragiri,KATHMANDU,30,False,Nikap Chowk / Junction,False,False,True,False,False,active,"{ward,landmark,has_shelter,has_ticket_counter,wheelchair_access,audio_support}",2026-08-03T02:39:13Z,2026-09-08T11:06:33Z,False
S0055,Dillibazaar stop,,27.705368,85.327157,Kathmandu,KATHMANDU,30,True,Dillibazaar stop Chowk / Junction,False,False,True,False,False,active,"{ward,landmark,has_shelter,has_ticket_counter,wheelchair_access,audio_support}",2026-08-03T02:39:13Z,2026-09-08T11:06:33Z,False
S0056,Tripureshwor,,27.693802,85.314122,Kathmandu,KATHMANDU,15,True,Tripureshwor Chowk / Junction,False,False,True,False,False,active,"{ward,landmark,has_shelter,has_ticket_counter,wheelchair_access,audio_support}",2026-08-03T02:39:13Z,2026-09-08T11:06:33Z,False
S0058,Natole,,27.676065,85.318202,Lalitpur,LALITPUR,30,False,Natole Chowk / Junction,False,False,True,False,False,active,"{ward,landmark,has_shelter,has_ticket_counter,wheelchair_access,audio_support}",2026-08-03T02:39:13Z,2026-09-08T11:06:33Z,False
S0059,SchEMS,,27.694334,85.337154,Kathmandu,KATHMANDU,19,False,SchEMS Chowk / Junction,False,False,True,False,False,active,"{ward,landmark,has_shelter,has_ticket_counter,wheelchair_access,audio_support}",2026-08-03T02:39:13Z,2026-09-08T11:06:33Z,False
S0062,Babarmahal Stop East,,27.6892378736804,85.33074618576373,Kathmandu,KATHMANDU,23,True,Babarmahal Stop Chowk / Junction,False,False,True,False,False,active,"{ward,landmark,has_shelter,has_ticket_counter,wheelchair_access,audio_support}",2026-08-03T02:39:13Z,2026-09-08T11:06:33Z,False
S0063,Kupondole stop,,27.687912557943307,85.3163051716387,Lalitpur,LALITPUR,20,True,Kupondole stop Chowk / Junction,False,False,True,False,False,active,"{ward,landmark,has_shelter,has_ticket_counter,wheelchair_access,audio_support}",2026-08-03T02:39:13Z,2026-09-08T11:06:33Z,False
S0065,Basundhara,,27.742169,85.332613,Tokha,KATHMANDU,25,True,Basundhara Chowk / Junction,False,False,True,False,False,active,"{ward,landmark,has_shelter,has_ticket_counter,wheelchair_access,audio_support}",2026-08-03T02:39:13Z,2026-09-08T11:06:33Z,False
S0066,Bhrikuti Mandap Stop,,27.701597,85.322313,Kathmandu,KATHMANDU,3,True,Bhrikuti Mandap Stop Chowk / Junction,False,False,True,False,False,active,"{ward,landmark,has_shelter,has_ticket_counter,wheelchair_access,audio_support}",2026-08-03T02:39:13Z,2026-09-08T11:06:33Z,False
S0067,Shahid Gate,,27.699739820624902,85.3139126181761,Kathmandu,KATHMANDU,5,True,Shahid Gate Chowk / Junction,False,False,True,False,False,active,"{ward,landmark,has_shelter,has_ticket_counter,wheelchair_access,audio_support}",2026-08-03T02:39:13Z,2026-09-08T11:06:33Z,False
S0068,Baluwatar,,27.724402,85.330977,Kathmandu,KATHMANDU,19,False,Baluwatar Chowk / Junction,False,False,True,False,False,active,"{ward,landmark,has_shelter,has_ticket_counter,wheelchair_access,audio_support}",2026-08-03T02:39:13Z,2026-09-08T11:06:33Z,False
S0069,Naya Baneshwor Tampoo Station,Naya Baneshwor Bus Station,27.688273549909404,85.33557955319502,Kathmandu,KATHMANDU,7,True,Naya Baneshwor Tampoo Station Chowk / Junction,False,False,True,False,False,active,"{ward,landmark,has_shelter,has_ticket_counter,wheelchair_access,audio_support}",2026-08-03T02:39:13Z,2026-09-08T11:06:33Z,False
S0070,Airport Bus Station,,27.700367,85.353931,Kathmandu,KATHMANDU,21,True,Airport Bus Station Chowk / Junction,False,False,True,False,False,active,"{ward,landmark,has_shelter,has_ticket_counter,wheelchair_access,audio_support}",2026-08-03T02:39:13Z,2026-09-08T11:06:33Z,False
S0071,पिङ्गलस्थान,Pingalasthan,27.70581,85.347131,Kathmandu,KATHMANDU,9,True,पिङ्गलस्थान Chowk / Junction,False,False,True,False,False,active,"{ward,landmark,has_shelter,has_ticket_counter,wheelchair_access,audio_support}",2026-08-03T02:39:13Z,2026-09-08T11:06:33Z,False
S0073,Chobhar Gate,,27.670449,85.290622,Kirtipur,KATHMANDU,7,False,Chobhar Gate Chowk / Junction,False,False,True,False,False,active,"{ward,landmark,has_shelter,has_ticket_counter,wheelchair_access,audio_support}",2026-08-03T02:39:13Z,2026-09-08T11:06:33Z,False
S0075,New Baneshwor West,,27.690327,85.335954,Kathmandu,KATHMANDU,4,True,New Baneshwor Chowk / Junction,False,False,True,False,False,active,"{ward,landmark,has_shelter,has_ticket_counter,wheelchair_access,audio_support}",2026-08-03T02:39:13Z,2026-09-08T11:06:33Z,False
S0076,Sundhara Stop,,27.700542,85.313503,Kathmandu,KATHMANDU,25,True,Sundhara Stop Chowk / Junction,False,False,True,False,False,active,"{ward,landmark,has_shelter,has_ticket_counter,wheelchair_access,audio_support}",2026-08-03T02:39:13Z,2026-09-08T11:06:33Z,False
S0077,Apex College Stop,,27.69907,85.338327,Kathmandu,KATHMANDU,28,False,Apex College Stop Chowk / Junction,False,False,True,False,False,active,"{ward,landmark,has_shelter,has_ticket_counter,wheelchair_access,audio_support}",2026-08-03T02:39:13Z,2026-09-08T11:06:33Z,False
S0078,Saat Tale Chowk,,27.726959,85.350484,Budhanilakantha,KATHMANDU,14,False,Saat Tale Chowk Chowk / Junction,False,False,True,False,False,active,"{ward,landmark,has_shelter,has_ticket_counter,wheelchair_access,audio_support}",2026-08-03T02:39:13Z,2026-09-08T11:06:33Z,False
S0082,Panipokhari stop,,27.730686,85.325986,Kathmandu,KATHMANDU,26,True,Panipokhari stop Chowk / Junction,False,False,True,False,False,active,"{ward,landmark,has_shelter,has_ticket_counter,wheelchair_access,audio_support}",2026-08-03T02:39:13Z,2026-09-08T11:06:33Z,False
S0083,Gyaneshwor Chowk,,27.708987,85.33022,Kathmandu,KATHMANDU,9,False,Gyaneshwor Chowk Chowk / Junction,False,False,True,False,False,active,"{ward,landmark,has_shelter,has_ticket_counter,wheelchair_access,audio_support}",2026-08-03T02:39:13Z,2026-09-08T11:06:33Z,False
S0084,Panga Dobato,,27.674758,85.280408,Kirtipur,KATHMANDU,26,False,Panga Dobato Chowk / Junction,False,False,True,False,False,active,"{ward,landmark,has_shelter,has_ticket_counter,wheelchair_access,audio_support}",2026-08-03T02:39:13Z,2026-09-08T11:06:33Z,False
S0086,Tourism Board Stop,,27.702319,85.316675,Kathmandu,KATHMANDU,21,True,Tourism Board Stop Chowk / Junction,False,False,True,False,False,active,"{ward,landmark,has_shelter,has_ticket_counter,wheelchair_access,audio_support}",2026-08-03T02:39:13Z,2026-09-08T11:06:33Z,False
S0087,Lainchaur stop,,27.717227,85.315082,Kathmandu,KATHMANDU,2,True,Lainchaur stop Chowk / Junction,False,False,True,False,False,active,"{ward,landmark,has_shelter,has_ticket_counter,wheelchair_access,audio_support}",2026-08-03T02:39:13Z,2026-09-08T11:06:33Z,False
S0088,Bhadrakali,,27.699298,85.316745,Kathmandu,KATHMANDU,20,True,Bhadrakali Chowk / Junction,False,False,True,False,False,active,"{ward,landmark,has_shelter,has_ticket_counter,wheelchair_access,audio_support}",2026-08-03T02:39:13Z,2026-09-08T11:06:33Z,False
S0089,Suryabinayek,,27.665775,85.424184,Suryabinayak,BHAKTAPUR,28,False,Suryabinayek Chowk / Junction,False,False,True,False,False,active,"{ward,landmark,has_shelter,has_ticket_counter,wheelchair_access,audio_support}",2026-08-03T02:39:13Z,2026-09-08T11:06:33Z,False
S0090,Sitapaila Stop,,27.707676,85.282536,Nagarjun,KATHMANDU,15,False,Sitapaila Stop Chowk / Junction,False,False,True,False,False,active,"{ward,landmark,has_shelter,has_ticket_counter,wheelchair_access,audio_support}",2026-08-03T02:39:13Z,2026-09-08T11:06:33Z,False
S0092,Gathaghar,,27.674014,85.373177,Madhyapur Thimi,BHAKTAPUR,7,True,Gathaghar Chowk / Junction,False,False,True,False,False,active,"{ward,landmark,has_shelter,has_ticket_counter,wheelchair_access,audio_support}",2026-08-03T02:39:13Z,2026-09-08T11:06:33Z,False
S0094,Krishna Pauroti Stop,,27.710274,85.322168,Kathmandu,KATHMANDU,12,True,Krishna Pauroti Stop Chowk / Junction,False,False,True,False,False,active,"{ward,landmark,has_shelter,has_ticket_counter,wheelchair_access,audio_support}",2026-08-03T02:39:13Z,2026-09-08T11:06:33Z,False
S0095,Sallaghari Stop,,27.669934,85.41116,Suryabinayak,BHAKTAPUR,29,False,Sallaghari Stop Chowk / Junction,False,False,True,False,False,active,"{ward,landmark,has_shelter,has_ticket_counter,wheelchair_access,audio_support}",2026-08-03T02:39:13Z,2026-09-08T11:06:33Z,False
S0096,Budhanilkantha Micro Stand,,27.776732,85.362144,Budhanilakantha,KATHMANDU,8,True,Budhanilkantha Micro Stand Chowk / Junction,False,False,True,False,False,active,"{ward,landmark,has_shelter,has_ticket_counter,wheelchair_access,audio_support}",2026-08-03T02:39:13Z,2026-09-08T11:06:33Z,False
S0097,Maitighar,,27.694534112855543,85.32043569295912,Kathmandu,KATHMANDU,15,True,Maitighar Chowk / Junction,False,False,True,False,False,active,"{ward,landmark,has_shelter,has_ticket_counter,wheelchair_access,audio_support}",2026-08-03T02:39:13Z,2026-09-08T11:06:33Z,False
S0098,Tinkune Bhaktapur,,27.671913,85.408638,Suryabinayak,BHAKTAPUR,3,True,Tinkune Bhaktapur Chowk / Junction,False,False,True,False,False,active,"{ward,landmark,has_shelter,has_ticket_counter,wheelchair_access,audio_support}",2026-08-03T02:39:13Z,2026-09-08T11:06:33Z,False
S0099,Babarmahal Stop West,,27.69238708089459,85.32427668564475,Kathmandu,KATHMANDU,14,True,Babarmahal Stop Chowk / Junction,False,False,True,False,False,active,"{ward,landmark,has_shelter,has_ticket_counter,wheelchair_access,audio_support}",2026-08-03T02:39:13Z,2026-09-08T11:06:33Z,False
S0100,RNAC stop,,27.70221,85.313638,Kathmandu,KATHMANDU,17,True,RNAC stop Chowk / Junction,False,False,True,False,False,active,"{ward,landmark,has_shelter,has_ticket_counter,wheelchair_access,audio_support}",2026-08-03T02:39:13Z,2026-09-08T11:06:33Z,False
S0101,MAV School,,27.657068,85.326288,Lalitpur,LALITPUR,4,False,MAV School Chowk / Junction,False,False,True,False,False,active,"{ward,landmark,has_shelter,has_ticket_counter,wheelchair_access,audio_support}",2026-08-03T02:39:13Z,2026-09-08T11:06:33Z,False
S0102,New Plaza Stop,,27.700951,85.322918,Kathmandu,KATHMANDU,18,True,New Plaza Stop Chowk / Junction,False,False,True,False,False,active,"{ward,landmark,has_shelter,has_ticket_counter,wheelchair_access,audio_support}",2026-08-03T02:39:13Z,2026-09-08T11:06:33Z,False
S0103,Jawlakhel Stop,,27.672577,85.314174,Lalitpur,LALITPUR,8,True,Jawlakhel Stop Chowk / Junction,False,False,True,False,False,active,"{ward,landmark,has_shelter,has_ticket_counter,wheelchair_access,audio_support}",2026-08-03T02:39:13Z,2026-09-08T11:06:33Z,False
S0104,Lubhu Bus Stop,,27.642901,85.373398,Mahalaxmi,LALITPUR,4,False,Lubhu Bus Stop Chowk / Junction,False,False,True,False,False,active,"{ward,landmark,has_shelter,has_ticket_counter,wheelchair_access,audio_support}",2026-08-03T02:39:13Z,2026-09-08T11:06:33Z,False
S0105,Bhatbhatini Stop,,27.719211,85.331082,Kathmandu,KATHMANDU,2,False,Bhatbhatini Stop Chowk / Junction,False,False,True,False,False,active,"{ward,landmark,has_shelter,has_ticket_counter,wheelchair_access,audio_support}",2026-08-03T02:39:13Z,2026-09-08T11:06:33Z,False
S0106,Nakhu Stop,,27.664205969392707,85.30643288802929,Lalitpur,LALITPUR,30,False,Nakhu Stop Chowk / Junction,False,False,True,False,False,active,"{ward,landmark,has_shelter,has_ticket_counter,wheelchair_access,audio_support}",2026-08-03T02:39:13Z,2026-09-08T11:06:33Z,False
S0107,Koteshwor Stop,,27.67965173901117,85.34968258247274,Kathmandu,KATHMANDU,6,True,Koteshwor Stop Chowk / Junction,False,False,True,False,False,active,"{ward,landmark,has_shelter,has_ticket_counter,wheelchair_access,audio_support}",2026-08-03T02:39:13Z,2026-09-08T11:06:33Z,False
S0108,Thapagaun Stop,,27.691133,85.334031,Kathmandu,KATHMANDU,22,True,Thapagaun Stop Chowk / Junction,False,False,True,False,False,active,"{ward,landmark,has_shelter,has_ticket_counter,wheelchair_access,audio_support}",2026-08-03T02:39:13Z,2026-09-08T11:06:33Z,False
S0109,Chapal Karkhana stop,,27.734943,85.342296,Kathmandu,KATHMANDU,10,True,Chapal Karkhana stop Chowk / Junction,False,False,True,False,False,active,"{ward,landmark,has_shelter,has_ticket_counter,wheelchair_access,audio_support}",2026-08-03T02:39:13Z,2026-09-08T11:06:33Z,False
S0110,Thimi Stop,,27.67352605832293,85.38689699644421,Madhyapur Thimi,BHAKTAPUR,4,False,Thimi Stop Chowk / Junction,False,False,True,False,False,active,"{ward,landmark,has_shelter,has_ticket_counter,wheelchair_access,audio_support}",2026-08-03T02:39:13Z,2026-09-08T11:06:33Z,False
S0112,Lagankhel Stop,,27.663461,85.324255,Lalitpur,LALITPUR,29,True,Lagankhel Stop Chowk / Junction,False,False,True,False,False,active,"{ward,landmark,has_shelter,has_ticket_counter,wheelchair_access,audio_support}",2026-08-03T02:39:13Z,2026-09-08T11:06:33Z,False
S0113,Balaju,,27.727059,85.304621,Kathmandu,KATHMANDU,31,True,Balaju Chowk / Junction,False,False,True,False,False,active,"{ward,landmark,has_shelter,has_ticket_counter,wheelchair_access,audio_support}",2026-08-03T02:39:13Z,2026-09-08T11:06:33Z,False
S0115,Milan Chowk Stop,,27.695169,85.340638,Kathmandu,KATHMANDU,26,False,Milan Chowk Stop Chowk / Junction,False,False,True,False,False,active,"{ward,landmark,has_shelter,has_ticket_counter,wheelchair_access,audio_support}",2026-08-03T02:39:13Z,2026-09-08T11:06:33Z,False
S0117,Sanga,,27.641822,85.477619,Suryabinayak,BHAKTAPUR,12,False,Sanga Chowk / Junction,False,False,True,False,False,active,"{ward,landmark,has_shelter,has_ticket_counter,wheelchair_access,audio_support}",2026-08-03T02:39:13Z,2026-09-08T11:06:33Z,False
S0118,Dhumbarahi,,27.731787,85.344365,Kathmandu,KATHMANDU,2,True,Dhumbarahi Chowk / Junction,False,False,True,False,False,active,"{ward,landmark,has_shelter,has_ticket_counter,wheelchair_access,audio_support}",2026-08-03T02:39:13Z,2026-09-08T11:06:33Z,False
S0119,Thankot Checkpost,,27.689002,85.227229,Chandragiri,KATHMANDU,10,False,Thankot Checkpost Chowk / Junction,False,False,True,False,False,active,"{ward,landmark,has_shelter,has_ticket_counter,wheelchair_access,audio_support}",2026-08-03T02:39:13Z,2026-09-08T11:06:33Z,False
S0120,Gothatar,,27.703133,85.369443,Kathmandu,KATHMANDU,30,False,Gothatar Chowk / Junction,False,False,True,False,False,active,"{ward,landmark,has_shelter,has_ticket_counter,wheelchair_access,audio_support}",2026-08-03T02:39:13Z,2026-09-08T11:06:33Z,False
S0121,Banepa Tindobato,,27.631218,85.51877,Banepa,KAVREPALANCHOK,4,False,Banepa Tindobato Chowk / Junction,False,False,True,False,False,active,"{ward,landmark,has_shelter,has_ticket_counter,wheelchair_access,audio_support}",2026-08-03T02:39:13Z,2026-09-08T11:06:33Z,False
S0123,Naxal Bhagwati,,27.714439,85.32941,Kathmandu,KATHMANDU,31,False,Naxal Bhagwati Chowk / Junction,False,False,True,False,False,active,"{ward,landmark,has_shelter,has_ticket_counter,wheelchair_access,audio_support}",2026-08-03T02:39:13Z,2026-09-08T11:06:33Z,False
S0124,Teaching Hospital stop,,27.735052,85.331411,Kathmandu,KATHMANDU,16,True,Teaching Hospital stop Chowk / Junction,False,False,True,False,False,active,"{ward,landmark,has_shelter,has_ticket_counter,wheelchair_access,audio_support}",2026-08-03T02:39:13Z,2026-09-08T11:06:33Z,False
S0125,Attarkhel,,27.734521,85.382529,Gokarneshwor,KATHMANDU,15,False,Attarkhel Chowk / Junction,False,False,True,False,False,active,"{ward,landmark,has_shelter,has_ticket_counter,wheelchair_access,audio_support}",2026-08-03T02:39:13Z,2026-09-08T11:06:33Z,False
S0126,Maitidevi Temple stop,,27.708169,85.335069,Kathmandu,KATHMANDU,8,False,Maitidevi Temple stop Chowk / Junction,False,False,True,False,False,active,"{ward,landmark,has_shelter,has_ticket_counter,wheelchair_access,audio_support}",2026-08-03T02:39:13Z,2026-09-08T11:06:33Z,False
S0127,Shantinagar Stop,,27.687005,85.341368,Kathmandu,KATHMANDU,14,True,Shantinagar Stop Chowk / Junction,False,False,True,False,False,active,"{ward,landmark,has_shelter,has_ticket_counter,wheelchair_access,audio_support}",2026-08-03T02:39:13Z,2026-09-08T11:06:33Z,False
S0129,Bungmati,,27.631159,85.305748,Lalitpur,LALITPUR,23,False,Bungmati Chowk / Junction,False,False,True,False,False,active,"{ward,landmark,has_shelter,has_ticket_counter,wheelchair_access,audio_support}",2026-08-03T02:39:13Z,2026-09-08T11:06:33Z,False
S0130,Kalanki,,27.69413977709173,85.28475153660465,Kathmandu,KATHMANDU,28,True,Kalanki Chowk / Junction,False,False,True,False,False,active,"{ward,landmark,has_shelter,has_ticket_counter,wheelchair_access,audio_support}",2026-08-03T02:39:13Z,2026-09-08T11:06:33Z,False
S0133,Saughal,,27.670479,85.327219,Lalitpur,LALITPUR,30,False,Saughal Chowk / Junction,False,False,True,False,False,active,"{ward,landmark,has_shelter,has_ticket_counter,wheelchair_access,audio_support}",2026-08-03T02:39:13Z,2026-09-08T11:06:33Z,False
S0134,Gopi Krishna Stop,,27.720629,85.346099,Kathmandu,KATHMANDU,8,True,Gopi Krishna Stop Chowk / Junction,False,False,True,False,False,active,"{ward,landmark,has_shelter,has_ticket_counter,wheelchair_access,audio_support}",2026-08-03T02:39:13Z,2026-09-08T11:06:33Z,False
S0135,Jorpati,,27.721738,85.372653,Kathmandu,KATHMANDU,21,True,Jorpati Chowk / Junction,False,False,True,False,False,active,"{ward,landmark,has_shelter,has_ticket_counter,wheelchair_access,audio_support}",2026-08-03T02:39:13Z,2026-09-08T11:06:33Z,False
S0136,Banepa,,27.630047,85.523985,Banepa,KAVREPALANCHOK,16,False,Banepa Chowk / Junction,False,False,True,False,False,active,"{ward,landmark,has_shelter,has_ticket_counter,wheelchair_access,audio_support}",2026-08-03T02:39:13Z,2026-09-08T11:06:33Z,False
S0137,Ghantaghar (घण्टाघर) stop,,27.707543,85.316659,Kathmandu,KATHMANDU,13,True,Ghantaghar (घण्टाघर) stop Chowk / Junction,False,False,True,False,False,active,"{ward,landmark,has_shelter,has_ticket_counter,wheelchair_access,audio_support}",2026-08-03T02:39:13Z,2026-09-08T11:06:33Z,False
S0138,Khumaltar Stop,,27.65422377428687,85.32869804815101,Lalitpur,LALITPUR,18,False,Khumaltar Stop Chowk / Junction,False,False,True,False,False,active,"{ward,landmark,has_shelter,has_ticket_counter,wheelchair_access,audio_support}",2026-08-03T02:39:13Z,2026-09-08T11:06:33Z,False
S0139,Sinamangal/Ring Road Stop सिनामंगल,,27.695244,85.355023,Kathmandu,KATHMANDU,15,True,Sinamangal/Ring Road Stop सिनामंगल Chowk / Junction,False,False,True,False,False,active,"{ward,landmark,has_shelter,has_ticket_counter,wheelchair_access,audio_support}",2026-08-03T02:39:13Z,2026-09-08T11:06:33Z,False
S0140,Gokarna Bus Stop,,27.740306,85.39072,Gokarneshwor,KATHMANDU,21,False,Gokarna Bus Stop Chowk / Junction,False,False,True,False,False,active,"{ward,landmark,has_shelter,has_ticket_counter,wheelchair_access,audio_support}",2026-08-03T02:39:13Z,2026-09-08T11:06:33Z,False
S0141,Tyogal,,27.668631,85.329848,Lalitpur,LALITPUR,24,False,Tyogal Chowk / Junction,False,False,True,False,False,active,"{ward,landmark,has_shelter,has_ticket_counter,wheelchair_access,audio_support}",2026-08-03T02:39:13Z,2026-09-08T11:06:33Z,False
S0142,UN Stop,,27.678104,85.316327,Lalitpur,LALITPUR,26,True,UN Stop Chowk / Junction,False,False,True,False,False,active,"{ward,landmark,has_shelter,has_ticket_counter,wheelchair_access,audio_support}",2026-08-03T02:39:13Z,2026-09-08T11:06:33Z,False
S0143,Budhanilkantha School Blue Micro Stand,,27.778969,85.358998,Budhanilakantha,KATHMANDU,25,False,Budhanilkantha School Blue Micro Stand Chowk / Junction,False,False,True,False,False,active,"{ward,landmark,has_shelter,has_ticket_counter,wheelchair_access,audio_support}",2026-08-03T02:39:13Z,2026-09-08T11:06:33Z,False
S0144,Shivapuri Park Stop,,27.791067,85.37041,Budhanilakantha,KATHMANDU,28,False,Shivapuri Park Stop Chowk / Junction,False,False,True,False,False,active,"{ward,landmark,has_shelter,has_ticket_counter,wheelchair_access,audio_support}",2026-08-03T02:39:13Z,2026-09-08T11:06:33Z,False
S0145,Chyamasingh,,27.673427,85.438368,Bhaktapur,BHAKTAPUR,28,False,Chyamasingh Chowk / Junction,False,False,True,False,False,active,"{ward,landmark,has_shelter,has_ticket_counter,wheelchair_access,audio_support}",2026-08-03T02:39:13Z,2026-09-08T11:06:33Z,False
S0146,Sakhu Stop,,27.727684,85.461668,Shankharapur,KATHMANDU,28,False,Sakhu Stop Chowk / Junction,False,False,True,False,False,active,"{ward,landmark,has_shelter,has_ticket_counter,wheelchair_access,audio_support}",2026-08-03T02:39:13Z,2026-09-08T11:06:33Z,False
S0147,Radhe Radhe,,27.67464,85.39771,Madhyapur Thimi,BHAKTAPUR,13,True,Radhe Radhe Chowk / Junction,False,False,True,False,False,active,"{ward,landmark,has_shelter,has_ticket_counter,wheelchair_access,audio_support}",2026-08-03T02:39:13Z,2026-09-08T11:06:33Z,False
S0148,Sinamangal,,27.698432,85.348521,Kathmandu,KATHMANDU,9,False,Sinamangal Chowk / Junction,False,False,True,False,False,active,"{ward,landmark,has_shelter,has_ticket_counter,wheelchair_access,audio_support}",2026-08-03T02:39:13Z,2026-09-08T11:06:33Z,False
S0149,Lazimpat stop,,27.718143,85.317131,Kathmandu,KATHMANDU,29,True,Lazimpat stop Chowk / Junction,False,False,True,False,False,active,"{ward,landmark,has_shelter,has_ticket_counter,wheelchair_access,audio_support}",2026-08-03T02:39:13Z,2026-09-08T11:06:33Z,False
S0152,Jamal,,27.709495,85.314664,Kathmandu,KATHMANDU,13,True,Jamal Chowk / Junction,False,False,True,False,False,active,"{ward,landmark,has_shelter,has_ticket_counter,wheelchair_access,audio_support}",2026-08-03T02:39:13Z,2026-09-08T11:06:33Z,False
S0154,Mangalbazar,,27.672641,85.32499,Lalitpur,LALITPUR,1,False,Mangalbazar Chowk / Junction,False,False,True,False,False,active,"{ward,landmark,has_shelter,has_ticket_counter,wheelchair_access,audio_support}",2026-08-03T02:39:13Z,2026-09-08T11:06:33Z,False
S0155,Patan Hospital,,27.668489,85.321642,Lalitpur,LALITPUR,25,False,Patan Hospital Chowk / Junction,False,False,True,False,False,active,"{ward,landmark,has_shelter,has_ticket_counter,wheelchair_access,audio_support}",2026-08-03T02:39:13Z,2026-09-08T11:06:33Z,False
S0156,Pepsi Cola Chowk,,27.689143,85.360363,Kathmandu,KATHMANDU,7,False,Pepsi Cola Chowk Chowk / Junction,False,False,True,False,False,active,"{ward,landmark,has_shelter,has_ticket_counter,wheelchair_access,audio_support}",2026-08-03T02:39:13Z,2026-09-08T11:06:33Z,False
S0158,Bansbari stop,,27.745758,85.342373,Kathmandu,KATHMANDU,24,True,Bansbari stop Chowk / Junction,False,False,True,False,False,active,"{ward,landmark,has_shelter,has_ticket_counter,wheelchair_access,audio_support}",2026-08-03T02:39:13Z,2026-09-08T11:06:33Z,False
S0159,Jadibuti,,27.67531,85.352805,Kathmandu,KATHMANDU,1,True,Jadibuti Chowk / Junction,False,False,True,False,False,active,"{ward,landmark,has_shelter,has_ticket_counter,wheelchair_access,audio_support}",2026-08-03T02:39:13Z,2026-09-08T11:06:33Z,False
S0160,Bansdol,,27.632201,85.494012,Banepa,KAVREPALANCHOK,12,False,Bansdol Chowk / Junction,False,False,True,False,False,active,"{ward,landmark,has_shelter,has_ticket_counter,wheelchair_access,audio_support}",2026-08-03T02:39:13Z,2026-09-08T11:06:33Z,False
S0162,Thulo Bharang Stop,,27.719748,85.287051,Nagarjun,KATHMANDU,8,False,Thulo Bharang Stop Chowk / Junction,False,False,True,False,False,active,"{ward,landmark,has_shelter,has_ticket_counter,wheelchair_access,audio_support}",2026-08-03T02:39:13Z,2026-09-08T11:06:33Z,False
S0165,Mahakali Stop,,27.675964,85.431831,Bhaktapur,BHAKTAPUR,11,False,Mahakali Stop Chowk / Junction,False,False,True,False,False,active,"{ward,landmark,has_shelter,has_ticket_counter,wheelchair_access,audio_support}",2026-08-03T02:39:13Z,2026-09-08T11:06:33Z,False
S0166,Kantipath,,27.709049,85.314615,Kathmandu,KATHMANDU,19,True,Kantipath Chowk / Junction,False,False,True,False,False,active,"{ward,landmark,has_shelter,has_ticket_counter,wheelchair_access,audio_support}",2026-08-03T02:39:13Z,2026-09-08T11:06:33Z,False
S0167,ShivaDarshan Hall Stop,,27.692336,85.336217,Kathmandu,KATHMANDU,17,True,ShivaDarshan Hall Stop Chowk / Junction,False,False,True,False,False,active,"{ward,landmark,has_shelter,has_ticket_counter,wheelchair_access,audio_support}",2026-08-03T02:39:13Z,2026-09-08T11:06:33Z,False
S0168,Jwagal,,27.685593,85.318106,Lalitpur,LALITPUR,8,True,Jwagal Chowk / Junction,False,False,True,False,False,active,"{ward,landmark,has_shelter,has_ticket_counter,wheelchair_access,audio_support}",2026-08-03T02:39:13Z,2026-09-08T11:06:33Z,False
S0169,Gongabu Chowk,,27.734978,85.314447,Tokha,KATHMANDU,3,True,Gongabu Chowk Chowk / Junction,False,False,True,False,False,active,"{ward,landmark,has_shelter,has_ticket_counter,wheelchair_access,audio_support}",2026-08-03T02:39:13Z,2026-09-08T11:06:33Z,False
S0171,Bir Hospital,,27.705723,85.314074,Kathmandu,KATHMANDU,1,True,Bir Hospital Chowk / Junction,False,False,True,False,False,active,"{ward,landmark,has_shelter,has_ticket_counter,wheelchair_access,audio_support}",2026-08-03T02:39:13Z,2026-09-08T11:06:33Z,False
S0172,Hyatt Regency,,27.719359,85.354114,Kathmandu,KATHMANDU,27,True,Hyatt Regency Chowk / Junction,False,False,True,False,False,active,"{ward,landmark,has_shelter,has_ticket_counter,wheelchair_access,audio_support}",2026-08-03T02:39:13Z,2026-09-08T11:06:33Z,False
S0173,Dakshinkali,,27.613062,85.264669,Dakshinkali,KATHMANDU,5,False,Dakshinkali Chowk / Junction,False,False,True,False,False,active,"{ward,landmark,has_shelter,has_ticket_counter,wheelchair_access,audio_support}",2026-08-03T02:39:13Z,2026-09-08T11:06:33Z,False
S0174,Naya Bus Park,,27.735317,85.305812,Kathmandu,KATHMANDU,10,False,Naya Bus Park Chowk / Junction,False,False,True,False,False,active,"{ward,landmark,has_shelter,has_ticket_counter,wheelchair_access,audio_support}",2026-08-03T02:39:13Z,2026-09-08T11:06:33Z,False
S0176,Budhanilkantha Stop,,27.776743,85.36214,Budhanilakantha,KATHMANDU,26,True,Budhanilkantha Stop Chowk / Junction,False,False,True,False,False,active,"{ward,landmark,has_shelter,has_ticket_counter,wheelchair_access,audio_support}",2026-08-03T02:39:13Z,2026-09-08T11:06:33Z,False
S0177,Balaju Chowk Bus Stop,,27.727033,85.304605,Kathmandu,KATHMANDU,9,True,Balaju Chowk Bus Stop Chowk / Junction,False,False,True,False,False,active,"{ward,landmark,has_shelter,has_ticket_counter,wheelchair_access,audio_support}",2026-08-03T02:39:13Z,2026-09-08T11:06:33Z,False
S0178,Adarsha,,27.666463,85.433093,Bhaktapur,BHAKTAPUR,28,False,Adarsha Chowk / Junction,False,False,True,False,False,active,"{ward,landmark,has_shelter,has_ticket_counter,wheelchair_access,audio_support}",2026-08-03T02:39:13Z,2026-09-08T11:06:33Z,False
S0179,Khokana,,27.640065,85.304953,Lalitpur,LALITPUR,7,False,Khokana Chowk / Junction,False,False,True,False,False,active,"{ward,landmark,has_shelter,has_ticket_counter,wheelchair_access,audio_support}",2026-08-03T02:39:13Z,2026-09-08T11:06:33Z,False
S0180,Sangam Chowk Stop,,27.693196,85.340502,Kathmandu,KATHMANDU,9,False,Sangam Chowk Stop Chowk / Junction,False,False,True,False,False,active,"{ward,landmark,has_shelter,has_ticket_counter,wheelchair_access,audio_support}",2026-08-03T02:39:13Z,2026-09-08T11:06:33Z,False
S0182,B & B Hospital/KCM Stop,,27.664135,85.330178,Lalitpur,LALITPUR,8,False,B & B Hospital/KCM Stop Chowk / Junction,False,False,True,False,False,active,"{ward,landmark,has_shelter,has_ticket_counter,wheelchair_access,audio_support}",2026-08-03T02:39:13Z,2026-09-08T11:06:33Z,False
S0183,Dhulikhel Stop,,27.618445,85.554036,Dhulikhel,KAVREPALANCHOK,12,False,Dhulikhel Stop Chowk / Junction,False,False,True,False,False,active,"{ward,landmark,has_shelter,has_ticket_counter,wheelchair_access,audio_support}",2026-08-03T02:39:13Z,2026-09-08T11:06:33Z,True
S0187,Samakhusi Stop,,27.734896,85.312185,Tokha,KATHMANDU,1,True,Samakhusi Stop Chowk / Junction,False,False,True,False,False,active,"{ward,landmark,has_shelter,has_ticket_counter,wheelchair_access,audio_support}",2026-08-03T02:39:13Z,2026-09-08T11:06:33Z,False
S0188,Gairidhara,,27.717774,85.327892,Kathmandu,KATHMANDU,16,False,Gairidhara Chowk / Junction,False,False,True,False,False,active,"{ward,landmark,has_shelter,has_ticket_counter,wheelchair_access,audio_support}",2026-08-03T02:39:13Z,2026-09-08T11:06:33Z,False
S0189,Sanepa height,,27.674478,85.30202,Lalitpur,LALITPUR,23,False,Sanepa height Chowk / Junction,False,False,True,False,False,active,"{ward,landmark,has_shelter,has_ticket_counter,wheelchair_access,audio_support}",2026-08-03T02:39:13Z,2026-09-08T11:06:33Z,False
S0190,Jagati,,27.666463,85.436463,Bhaktapur,BHAKTAPUR,23,False,Jagati Chowk / Junction,False,False,True,False,False,active,"{ward,landmark,has_shelter,has_ticket_counter,wheelchair_access,audio_support}",2026-08-03T02:39:13Z,2026-09-08T11:06:33Z,False
S0194,Batuk Bhairav,,27.664573,85.323998,Lalitpur,LALITPUR,24,True,Batuk Bhairav Chowk / Junction,False,False,True,False,False,active,"{ward,landmark,has_shelter,has_ticket_counter,wheelchair_access,audio_support}",2026-08-03T02:39:13Z,2026-09-08T11:06:33Z,False
S0195,Chabahil चाबाहील,,27.717117,85.346641,Kathmandu,KATHMANDU,5,True,Chabahil चाबाहील Chowk / Junction,False,False,True,False,False,active,"{ward,landmark,has_shelter,has_ticket_counter,wheelchair_access,audio_support}",2026-08-03T02:39:13Z,2026-09-08T11:06:33Z,False
S0196,Anamnagar Stop,,27.699488,85.3286,Kathmandu,KATHMANDU,3,True,Anamnagar Stop Chowk / Junction,False,False,True,False,False,active,"{ward,landmark,has_shelter,has_ticket_counter,wheelchair_access,audio_support}",2026-08-03T02:39:13Z,2026-09-08T11:06:33Z,False
S0197,Police Headquarter Stop,,27.718263,85.330762,Kathmandu,KATHMANDU,12,False,Police Headquarter Stop Chowk / Junction,False,False,True,False,False,active,"{ward,landmark,has_shelter,has_ticket_counter,wheelchair_access,audio_support}",2026-08-03T02:39:13Z,2026-09-08T11:06:33Z,False
S0198,Purano Bus Park,,27.703653,85.316359,Kathmandu,KATHMANDU,8,True,Purano Bus Park Chowk / Junction,False,False,True,False,False,active,"{ward,landmark,has_shelter,has_ticket_counter,wheelchair_access,audio_support}",2026-08-03T02:39:13Z,2026-09-08T11:06:33Z,False
S0200,Lamatar,,27.628007,85.395369,Mahalaxmi,LALITPUR,22,False,Lamatar Chowk / Junction,False,False,True,False,False,active,"{ward,landmark,has_shelter,has_ticket_counter,wheelchair_access,audio_support}",2026-08-03T02:39:13Z,2026-09-08T11:06:33Z,False
S0202,Srijananagar,,27.672644,85.405301,Suryabinayak,BHAKTAPUR,3,True,Srijananagar Chowk / Junction,False,False,True,False,False,active,"{ward,landmark,has_shelter,has_ticket_counter,wheelchair_access,audio_support}",2026-08-03T02:39:13Z,2026-09-08T11:06:33Z,False
S0203,Tinkune Subidhanagar,,27.686008,85.34559,Kathmandu,KATHMANDU,1,True,Tinkune Subidhanagar Chowk / Junction,False,False,True,False,False,active,"{ward,landmark,has_shelter,has_ticket_counter,wheelchair_access,audio_support}",2026-08-03T02:39:13Z,2026-09-08T11:06:33Z,False
S0204,Gaushala Chowk Stop,,27.707725,85.343299,Kathmandu,KATHMANDU,3,True,Gaushala Chowk Stop Chowk / Junction,False,False,True,False,False,active,"{ward,landmark,has_shelter,has_ticket_counter,wheelchair_access,audio_support}",2026-08-03T02:39:13Z,2026-09-08T11:06:33Z,False
S0205,Ratna Rajya Stop,,27.695667,85.33762,Kathmandu,KATHMANDU,5,False,Ratna Rajya Stop Chowk / Junction,False,False,True,False,False,active,"{ward,landmark,has_shelter,has_ticket_counter,wheelchair_access,audio_support}",2026-08-03T02:39:13Z,2026-09-08T11:06:33Z,False
S0207,ASCOL Stop,,27.717307,85.31476,Kathmandu,KATHMANDU,14,False,ASCOL Stop Chowk / Junction,False,False,True,False,False,active,"{ward,landmark,has_shelter,has_ticket_counter,wheelchair_access,audio_support}",2026-08-03T02:39:13Z,2026-09-08T11:06:33Z,False
S0208,Panauti,,27.587136,85.513334,Panauti,KAVREPALANCHOK,3,False,Panauti Chowk / Junction,False,False,True,False,False,active,"{ward,landmark,has_shelter,has_ticket_counter,wheelchair_access,audio_support}",2026-08-03T02:39:13Z,2026-09-08T11:06:33Z,False
S0209,Singha Durbar East Stop,,27.696608,85.32815,Kathmandu,KATHMANDU,1,True,Singha Durbar East Stop Chowk / Junction,False,False,True,False,False,active,"{ward,landmark,has_shelter,has_ticket_counter,wheelchair_access,audio_support}",2026-08-03T02:39:13Z,2026-09-08T11:06:33Z,False
S0210,Ciy Center Stop,,27.709819,85.326984,Kathmandu,KATHMANDU,5,False,Ciy Center Stop Chowk / Junction,False,False,True,False,False,active,"{ward,landmark,has_shelter,has_ticket_counter,wheelchair_access,audio_support}",2026-08-03T02:39:13Z,2026-09-08T11:06:33Z,False
S0211,Swayambhu Parikarma,,27.713081,85.283164,Kathmandu,KATHMANDU,26,False,Swayambhu Parikarma Chowk / Junction,False,False,True,False,False,active,"{ward,landmark,has_shelter,has_ticket_counter,wheelchair_access,audio_support}",2026-08-03T02:39:13Z,2026-09-08T11:06:33Z,False
S0212,Banasthali,,27.72483,85.297605,Kathmandu,KATHMANDU,23,False,Banasthali Chowk / Junction,False,False,True,False,False,active,"{ward,landmark,has_shelter,has_ticket_counter,wheelchair_access,audio_support}",2026-08-03T02:39:13Z,2026-09-08T11:06:33Z,False
S0214,Ekantakuna,,27.666615606916864,85.30811905860901,Lalitpur,LALITPUR,31,True,Ekantakuna Chowk / Junction,False,False,True,False,False,active,"{ward,landmark,has_shelter,has_ticket_counter,wheelchair_access,audio_support}",2026-08-03T02:39:13Z,2026-09-08T11:06:33Z,False
S0216,Thecho,,27.6153,85.319176,Godawari,LALITPUR,7,False,Thecho Chowk / Junction,False,False,True,False,False,active,"{ward,landmark,has_shelter,has_ticket_counter,wheelchair_access,audio_support}",2026-08-03T02:39:13Z,2026-09-08T11:06:33Z,False
S0217,Sukedhara Stop,,27.724877,85.344817,Kathmandu,KATHMANDU,27,True,Sukedhara Stop Chowk / Junction,False,False,True,False,False,active,"{ward,landmark,has_shelter,has_ticket_counter,wheelchair_access,audio_support}",2026-08-03T02:39:13Z,2026-09-08T11:06:33Z,False
S0219,Lagankhel,,27.667036,85.322635,Lalitpur,LALITPUR,15,True,Lagankhel Chowk / Junction,False,False,True,False,False,active,"{ward,landmark,has_shelter,has_ticket_counter,wheelchair_access,audio_support}",2026-08-03T02:39:13Z,2026-09-08T11:06:33Z,False
S0220,Balkumari Bridge Stop,,27.672825,85.341657,Lalitpur,LALITPUR,15,True,Balkumari Bridge Stop Chowk / Junction,False,False,True,False,False,active,"{ward,landmark,has_shelter,has_ticket_counter,wheelchair_access,audio_support}",2026-08-03T02:39:13Z,2026-09-08T11:06:33Z,False
S0221,Naya Bazar,,27.677149,85.28139,Kirtipur,KATHMANDU,26,False,Naya Bazar Chowk / Junction,False,False,True,False,False,active,"{ward,landmark,has_shelter,has_ticket_counter,wheelchair_access,audio_support}",2026-08-03T02:39:13Z,2026-09-08T11:06:33Z,False
S0222,Old Baneshwor,,27.70152,85.340204,Kathmandu,KATHMANDU,10,True,Old Baneshwor Chowk / Junction,False,False,True,False,False,active,"{ward,landmark,has_shelter,has_ticket_counter,wheelchair_access,audio_support}",2026-08-03T02:39:13Z,2026-09-08T11:06:33Z,False
S0223,Lalitpur Industrial Estate,,27.661481,85.323858,Lalitpur,LALITPUR,28,True,Lalitpur Industrial Estate Chowk / Junction,False,False,True,False,False,active,"{ward,landmark,has_shelter,has_ticket_counter,wheelchair_access,audio_support}",2026-08-03T02:39:13Z,2026-09-08T11:06:33Z,False
S0224,Changu Narayan,,27.716321,85.43078,Changunarayan,BHAKTAPUR,13,False,Changu Narayan Chowk / Junction,False,False,True,False,False,active,"{ward,landmark,has_shelter,has_ticket_counter,wheelchair_access,audio_support}",2026-08-03T02:39:13Z,2026-09-08T11:06:33Z,False
S0225,Kumari Club,,27.682663,85.298599,Kathmandu,KATHMANDU,19,True,Kumari Club Chowk / Junction,False,False,True,False,False,active,"{ward,landmark,has_shelter,has_ticket_counter,wheelchair_access,audio_support}",2026-08-03T02:39:13Z,2026-09-08T11:06:33Z,False
S0226,Gahabahal,,27.674297,85.321046,Lalitpur,LALITPUR,31,False,Gahabahal Chowk / Junction,False,False,True,False,False,active,"{ward,landmark,has_shelter,has_ticket_counter,wheelchair_access,audio_support}",2026-08-03T02:39:13Z,2026-09-08T11:06:33Z,False
S0227,Mahapal,,27.67355,85.32389,Lalitpur,LALITPUR,32,False,Mahapal Chowk / Junction,False,False,True,False,False,active,"{ward,landmark,has_shelter,has_ticket_counter,wheelchair_access,audio_support}",2026-08-03T02:39:13Z,2026-09-08T11:06:33Z,False
S0228,Dhungedhara,,27.72341,85.294675,Nagarjun,KATHMANDU,7,False,Dhungedhara Chowk / Junction,False,False,True,False,False,active,"{ward,landmark,has_shelter,has_ticket_counter,wheelchair_access,audio_support}",2026-08-03T02:39:13Z,2026-09-08T11:06:33Z,False
S0230,Balkhu,,27.684283,85.297412,Kathmandu,KATHMANDU,17,True,Balkhu Chowk / Junction,False,False,True,False,False,active,"{ward,landmark,has_shelter,has_ticket_counter,wheelchair_access,audio_support}",2026-08-03T02:39:13Z,2026-09-08T11:06:33Z,False
S0231,Golfutar stop,,27.75144,85.345969,Budhanilakantha,KATHMANDU,20,True,Golfutar stop Chowk / Junction,False,False,True,False,False,active,"{ward,landmark,has_shelter,has_ticket_counter,wheelchair_access,audio_support}",2026-08-03T02:39:13Z,2026-09-08T11:06:33Z,False
S0233,Balkhu Stop,,27.684934,85.29797,Kathmandu,KATHMANDU,29,True,Balkhu Stop Chowk / Junction,False,False,True,False,False,active,"{ward,landmark,has_shelter,has_ticket_counter,wheelchair_access,audio_support}",2026-08-03T02:39:13Z,2026-09-08T11:06:33Z,False
S0234,Pulchowk,,27.67701,85.316203,Lalitpur,LALITPUR,32,True,Pulchowk Chowk / Junction,False,False,True,False,False,active,"{ward,landmark,has_shelter,has_ticket_counter,wheelchair_access,audio_support}",2026-08-03T02:39:13Z,2026-09-08T11:06:33Z,False
S0236,"NAC (Nepal Airlines Corporation, Kantipath)",,27.703019,85.31365,Kathmandu,KATHMANDU,30,True,"NAC (Nepal Airlines Corporation, Kantipath) Chowk / Junction",False,False,True,False,False,active,"{ward,landmark,has_shelter,has_ticket_counter,wheelchair_access,audio_support}",2026-08-03T02:39:13Z,2026-09-08T11:06:33Z,False
S0237,Harihar Bhawan,,27.680953,85.317437,Lalitpur,LALITPUR,5,True,Harihar Bhawan Chowk / Junction,False,False,True,False,False,active,"{ward,landmark,has_shelter,has_ticket_counter,wheelchair_access,audio_support}",2026-08-03T02:39:13Z,2026-09-08T11:06:33Z,False
S0238,Gangalal Hospital (Shahid Gangalal National Heart Centre),,27.746604,85.34339,Kathmandu,KATHMANDU,23,False,Gangalal Hospital (Shahid Gangalal National Heart Centre) Chowk / Junction,False,False,True,False,False,active,"{ward,landmark,has_shelter,has_ticket_counter,wheelchair_access,audio_support}",2026-08-03T02:39:13Z,2026-09-08T11:06:33Z,False
S0239,Godawari,,27.597,85.3798,Godawari,LALITPUR,7,False,Godawari Chowk / Junction,False,False,True,False,False,active,"{ward,landmark,has_shelter,has_ticket_counter,wheelchair_access,audio_support}",2026-08-03T02:39:13Z,2026-09-08T11:06:33Z,False
S0240,Tribhuvan International Airport,,27.6966,85.3591,Kathmandu,KATHMANDU,13,False,Tribhuvan International Airport Chowk / Junction,False,False,True,False,False,active,"{ward,landmark,has_shelter,has_ticket_counter,wheelchair_access,audio_support}",2026-08-03T02:39:13Z,2026-09-08T11:06:33Z,False
S0241,"President's Residence (Sheetal Niwas, Maharajgunj)",,27.71716,85.31648,Kathmandu,KATHMANDU,15,False,"President's Residence (Sheetal Niwas, Maharajgunj) Chowk / Junction",False,False,True,False,False,active,"{ward,landmark,has_shelter,has_ticket_counter,wheelchair_access,audio_support}",2026-08-03T02:39:13Z,2026-09-08T11:06:33Z,False
S0242,Bungamati,,27.629403,85.306262,Lalitpur,LALITPUR,11,False,Bungamati Chowk / Junction,False,False,True,False,False,active,"{ward,landmark,has_shelter,has_ticket_counter,wheelchair_access,audio_support}",2026-08-03T02:39:13Z,2026-09-08T11:06:33Z,False
S0243,Lele,,27.568358,85.340831,Godawari,LALITPUR,29,False,Lele Chowk / Junction,False,False,True,False,False,active,"{ward,landmark,has_shelter,has_ticket_counter,wheelchair_access,audio_support}",2026-08-03T02:39:13Z,2026-09-08T11:06:33Z,False
S0244,Sunakothi,,27.632025,85.317808,Lalitpur,LALITPUR,4,False,Sunakothi Chowk / Junction,False,False,True,False,False,active,"{ward,landmark,has_shelter,has_ticket_counter,wheelchair_access,audio_support}",2026-08-03T02:39:13Z,2026-09-08T11:06:33Z,False
S0245,Badegaun,,27.617203,85.353137,Godawari,LALITPUR,13,False,Badegaun Chowk / Junction,False,False,True,False,False,active,"{ward,landmark,has_shelter,has_ticket_counter,wheelchair_access,audio_support}",2026-08-03T02:39:13Z,2026-09-08T11:06:33Z,False
S0246,Bafal,,27.70026745858051,85.28177908550893,Nagarjun,KATHMANDU,32,False,Bafal Chowk / Junction,False,False,True,False,False,active,"{ward,landmark,has_shelter,has_ticket_counter,wheelchair_access,audio_support}",2026-08-03T02:39:13Z,2026-09-08T11:06:33Z,False
S0247,Bhaisepati,,27.6525418,85.3048668,Lalitpur,LALITPUR,7,False,Bhaisepati Chowk / Junction,False,False,True,False,False,active,"{ward,landmark,has_shelter,has_ticket_counter,wheelchair_access,audio_support}",2026-08-03T02:39:13Z,2026-09-08T11:06:33Z,False
S0248,Chapagaun Dobato,,27.657968,85.322201,Lalitpur,LALITPUR,27,False,Chapagaun Dobato Chowk / Junction,False,False,True,False,False,active,"{ward,landmark,has_shelter,has_ticket_counter,wheelchair_access,audio_support}",2026-08-03T02:39:13Z,2026-09-08T11:06:33Z,False
S0249,Chapali Bhadrakali,,27.767624,85.355739,Budhanilakantha,KATHMANDU,19,False,Chapali Bhadrakali Chowk / Junction,False,False,True,False,False,active,"{ward,landmark,has_shelter,has_ticket_counter,wheelchair_access,audio_support}",2026-08-03T02:39:13Z,2026-09-08T11:06:33Z,False
S0250,Dholahiti,,27.640256,85.318491,Lalitpur,LALITPUR,22,False,Dholahiti Chowk / Junction,False,False,True,False,False,active,"{ward,landmark,has_shelter,has_ticket_counter,wheelchair_access,audio_support}",2026-08-03T02:39:13Z,2026-09-08T11:06:33Z,False
S0252,Gongabu Bus Park,,27.7331364,85.3083967,Kathmandu,KATHMANDU,2,False,Gongabu Bus Park Chowk / Junction,False,False,True,False,False,active,"{ward,landmark,has_shelter,has_ticket_counter,wheelchair_access,audio_support}",2026-08-03T02:39:13Z,2026-09-08T11:06:33Z,False
S0253,Harisiddhi,,27.637584,85.341604,Lalitpur,LALITPUR,10,False,Harisiddhi Chowk / Junction,False,False,True,False,False,active,"{ward,landmark,has_shelter,has_ticket_counter,wheelchair_access,audio_support}",2026-08-03T02:39:13Z,2026-09-08T11:06:33Z,False
S0254,Hattiban,,27.648182,85.33536,Lalitpur,LALITPUR,13,False,Hattiban Chowk / Junction,False,False,True,False,False,active,"{ward,landmark,has_shelter,has_ticket_counter,wheelchair_access,audio_support}",2026-08-03T02:39:13Z,2026-09-08T11:06:33Z,False
S0255,Hattigauda,,27.755747,85.34876,Budhanilakantha,KATHMANDU,30,False,Hattigauda Chowk / Junction,False,False,True,False,False,active,"{ward,landmark,has_shelter,has_ticket_counter,wheelchair_access,audio_support}",2026-08-03T02:39:13Z,2026-09-08T11:06:33Z,False
S0256,Imadol Krishna Mandir Road,,27.662624619730344,85.34053623676301,Mahalaxmi,LALITPUR,25,False,Imadol Krishna Mandir Road Chowk / Junction,False,False,True,False,False,active,"{ward,landmark,has_shelter,has_ticket_counter,wheelchair_access,audio_support}",2026-08-03T02:39:13Z,2026-09-08T11:06:33Z,False
S0257,KIST Medical College Teaching Hospital,,27.665857,85.333847,Lalitpur,LALITPUR,21,False,KIST Medical College Teaching Hospital Chowk / Junction,False,False,True,False,False,active,"{ward,landmark,has_shelter,has_ticket_counter,wheelchair_access,audio_support}",2026-08-03T02:39:13Z,2026-09-08T11:06:33Z,False
S0258,Nakkhu (bus stop),,27.66400305958414,85.30637029168001,Lalitpur,LALITPUR,6,False,Nakkhu (bus stop) Chowk / Junction,False,False,True,False,False,active,"{ward,landmark,has_shelter,has_ticket_counter,wheelchair_access,audio_support}",2026-08-03T02:39:13Z,2026-09-08T11:06:33Z,False
S0259,New Baneshwor East,,27.6915196,85.3420486,Kathmandu,KATHMANDU,28,False,New Baneshwor Chowk / Junction,False,False,True,False,False,active,"{ward,landmark,has_shelter,has_ticket_counter,wheelchair_access,audio_support}",2026-08-03T02:39:13Z,2026-09-08T11:06:33Z,False
S0260,Neuro Hospital Bansbari (Upendra Devkota Memorial NINAS),,27.748678,85.345396,Kathmandu,KATHMANDU,28,False,Neuro Hospital Bansbari (Upendra Devkota Memorial NINAS) Chowk / Junction,False,False,True,False,False,active,"{ward,landmark,has_shelter,has_ticket_counter,wheelchair_access,audio_support}",2026-08-03T02:39:13Z,2026-09-08T11:06:33Z,False
S0261,Pyangaun,,27.598924,85.323959,Godawari,LALITPUR,12,False,Pyangaun Chowk / Junction,False,False,True,False,False,active,"{ward,landmark,has_shelter,has_ticket_counter,wheelchair_access,audio_support}",2026-08-03T02:39:13Z,2026-09-08T11:06:33Z,False
S0262,Rata Makai Chowk,,27.663075,85.339812,Mahalaxmi,LALITPUR,12,False,Rata Makai Chowk Chowk / Junction,False,False,True,False,False,active,"{ward,landmark,has_shelter,has_ticket_counter,wheelchair_access,audio_support}",2026-08-03T02:39:13Z,2026-09-08T11:06:33Z,False
S0263,Ravi Bhavan,,27.695526662314432,85.29253049434995,Kathmandu,KATHMANDU,20,False,Ravi Bhavan Chowk / Junction,False,False,True,False,False,active,"{ward,landmark,has_shelter,has_ticket_counter,wheelchair_access,audio_support}",2026-08-03T02:39:13Z,2026-09-08T11:06:33Z,False
S0264,Sana Gaun Bus Stop,,27.649786,85.3589255,Mahalaxmi,LALITPUR,30,False,Sana Gaun Bus Stop Chowk / Junction,False,False,True,False,False,active,"{ward,landmark,has_shelter,has_ticket_counter,wheelchair_access,audio_support}",2026-08-03T02:39:13Z,2026-09-08T11:06:33Z,False
S0266,Satungal,,27.68732710885199,85.24794120763221,Chandragiri,KATHMANDU,11,False,Satungal Chowk / Junction,False,False,True,False,False,active,"{ward,landmark,has_shelter,has_ticket_counter,wheelchair_access,audio_support}",2026-08-03T02:39:13Z,2026-09-08T11:06:33Z,False
S0267,Taukhel,,27.6117622,85.357324,Godawari,LALITPUR,32,False,Taukhel Chowk / Junction,False,False,True,False,False,active,"{ward,landmark,has_shelter,has_ticket_counter,wheelchair_access,audio_support}",2026-08-03T02:39:13Z,2026-09-08T11:06:33Z,False
S0268,Nepal Telecom (Budhanilkantha),,27.753749,85.347521,Budhanilakantha,KATHMANDU,26,False,Nepal Telecom (Budhanilkantha) Chowk / Junction,False,False,True,False,False,active,"{ward,landmark,has_shelter,has_ticket_counter,wheelchair_access,audio_support}",2026-08-03T02:39:13Z,2026-09-08T11:06:33Z,False
S0269,Tikabhairab Temple,,27.575979,85.31365,Godawari,LALITPUR,23,False,Tikabhairab Temple Chowk / Junction,False,False,True,False,False,active,"{ward,landmark,has_shelter,has_ticket_counter,wheelchair_access,audio_support}",2026-08-03T02:39:13Z,2026-09-08T11:06:33Z,False
S0270,Tribhuwan Park,,27.69075291340994,85.22147822792749,Chandragiri,KATHMANDU,28,False,Tribhuwan Park Chowk / Junction,False,False,True,False,False,active,"{ward,landmark,has_shelter,has_ticket_counter,wheelchair_access,audio_support}",2026-08-03T02:39:13Z,2026-09-08T11:06:33Z,False
S0271,Soalteemode West,,27.7003,85.286581,Kathmandu,KATHMANDU,25,False,Soalteemode Chowk / Junction,False,False,True,False,False,active,"{ward,landmark,has_shelter,has_ticket_counter,wheelchair_access,audio_support}",2026-08-03T02:39:13Z,2026-09-08T11:06:33Z,False
S0272,Handegaun,,27.614959,85.355723,Godawari,LALITPUR,7,False,Handegaun Chowk / Junction,False,False,True,False,False,active,"{ward,landmark,has_shelter,has_ticket_counter,wheelchair_access,audio_support}",2026-08-03T02:39:13Z,2026-09-08T11:06:33Z,False
S0273,Dungin,,27.634312,85.384036,Mahalaxmi,LALITPUR,30,False,Dungin Chowk / Junction,False,False,True,False,False,active,"{ward,landmark,has_shelter,has_ticket_counter,wheelchair_access,audio_support}",2026-08-03T02:39:13Z,2026-09-08T11:06:33Z,False
S0274,"Kamalpokhari (Lamatar-area, distinct from central Kathmandu Kamalpokhari)",,27.66144626817597,85.34297168254854,Lalitpur,LALITPUR,1,False,"Kamalpokhari (Lamatar-area, distinct from central Kathmandu Kamalpokhari) Chowk / Junction",False,False,True,False,False,active,"{ward,landmark,has_shelter,has_ticket_counter,wheelchair_access,audio_support}",2026-08-03T02:39:13Z,2026-09-08T11:06:33Z,False
S0275,Dui Adda (Dhunga Adda),,27.691351,85.275754,Chandragiri,KATHMANDU,1,False,Dui Adda (Dhunga Adda) Chowk / Junction,False,False,True,False,False,active,"{ward,landmark,has_shelter,has_ticket_counter,wheelchair_access,audio_support}",2026-08-03T02:39:13Z,2026-09-08T11:06:33Z,False
S0276,Tek (Teku),,27.69622,85.30696,Kathmandu,KATHMANDU,25,False,Tek (Teku) Chowk / Junction,False,False,True,False,False,active,"{ward,landmark,has_shelter,has_ticket_counter,wheelchair_access,audio_support}",2026-08-03T02:39:13Z,2026-09-08T11:06:33Z,False
S0278,"N.A.Bh (Nepal Army Headquarters, Bhadrakali)",,27.699322,85.315087,Kathmandu,KATHMANDU,30,False,"N.A.Bh (Nepal Army Headquarters, Bhadrakali) Chowk / Junction",False,False,True,False,False,active,"{ward,landmark,has_shelter,has_ticket_counter,wheelchair_access,audio_support}",2026-08-03T02:39:13Z,2026-09-08T11:06:33Z,False
S0279,Takhal,,27.586464,85.319663,Godawari,LALITPUR,25,False,Takhal Chowk / Junction,False,False,True,False,False,active,"{ward,landmark,has_shelter,has_ticket_counter,wheelchair_access,audio_support}",2026-08-03T02:39:13Z,2026-09-08T11:06:33Z,False
S0057,Nikosera,"Nikoshira, Nicosera",27.680054,85.39845,Madhyapur Thimi,BHAKTAPUR,20,False,Nikosera Chowk / Junction,False,False,True,False,False,active,"{ward,landmark,has_shelter,has_ticket_counter,wheelchair_access,audio_support}",2026-08-03T02:39:13Z,2026-09-08T11:06:33Z,False
S0081,Bhaktapur Hospital Stop,"Dudhpati, Hospital Chowk",27.671808,85.421898,Bhaktapur,BHAKTAPUR,13,True,Bhaktapur Hospital Stop Chowk / Junction,False,False,True,False,False,active,"{ward,landmark,has_shelter,has_ticket_counter,wheelchair_access,audio_support}",2026-08-03T02:39:13Z,2026-09-08T11:06:33Z,False
S0116,Damkal,"Damkal Chowk, Pulchowk Fire Station",27.675796,85.315747,Lalitpur,LALITPUR,9,False,Damkal Chowk / Junction,False,False,True,False,False,active,"{ward,landmark,has_shelter,has_ticket_counter,wheelchair_access,audio_support}",2026-08-03T02:39:13Z,2026-09-08T11:06:33Z,False
S0132,Maitighar Stop--South,"Thapathali North, Kupondole Bridge Stop",27.69396411775236,85.31934139731717,Kathmandu,KATHMANDU,3,True,Maitighar Stop--South Chowk / Junction,False,False,True,False,False,active,"{ward,landmark,has_shelter,has_ticket_counter,wheelchair_access,audio_support}",2026-08-03T02:39:13Z,2026-09-08T11:06:33Z,False
S0150,Baakha Bazaar,"Baka Bazaar, Bode Road",27.68270172987504,85.38469036879272,Madhyapur Thimi,BHAKTAPUR,7,False,Baakha Bazaar Chowk / Junction,False,False,True,False,False,active,"{ward,landmark,has_shelter,has_ticket_counter,wheelchair_access,audio_support}",2026-08-03T02:39:13Z,2026-09-08T11:06:33Z,False
S0161,Bhaktapur Bus Park,"Kamalbinayak, Chyamasingh Bus Stop",27.671965,85.422269,Bhaktapur,BHAKTAPUR,6,True,Bhaktapur Bus Park Chowk / Junction,False,False,True,False,False,active,"{ward,landmark,has_shelter,has_ticket_counter,wheelchair_access,audio_support}",2026-08-03T02:39:13Z,2026-09-08T11:06:33Z,False
S0181,SanoThimi,"Sanothimi Campus, Sanothimi Chowk",27.682682,85.37234,Madhyapur Thimi,BHAKTAPUR,8,False,SanoThimi Chowk / Junction,False,False,True,False,False,active,"{ward,landmark,has_shelter,has_ticket_counter,wheelchair_access,audio_support}",2026-08-03T02:39:13Z,2026-09-08T11:06:33Z,False
S0185,Thapathali,Thapathali Bus Stand,27.690398205823875,85.31765638329026,Kathmandu,KATHMANDU,9,True,Thapathali Chowk / Junction,False,False,True,False,False,active,"{ward,landmark,has_shelter,has_ticket_counter,wheelchair_access,audio_support}",2026-08-03T02:39:13Z,2026-09-08T11:06:33Z,False
S0192,Naya Naikap,"Naya Naikap, Syuchatar Mod",27.701283,85.289181,Kathmandu,KATHMANDU,30,False,Naya Naikap Chowk / Junction,False,False,True,False,False,active,"{ward,landmark,has_shelter,has_ticket_counter,wheelchair_access,audio_support}",2026-08-03T02:39:13Z,2026-09-08T11:06:33Z,False
S0213,Kumaripati,"Kumaripati, Jawalakhel Route Stop",27.67084,85.320098,Lalitpur,LALITPUR,5,True,Kumaripati Chowk / Junction,False,False,True,False,False,active,"{ward,landmark,has_shelter,has_ticket_counter,wheelchair_access,audio_support}",2026-08-03T02:39:13Z,2026-09-08T11:06:33Z,False
S0283,Nabil Bank,,27.682877282016435,85.31861191400372,Lalitpur,LALITPUR,1,False,Nabil Bank Chowk / Junction,False,False,True,False,False,active,"{ward,landmark,has_shelter,has_ticket_counter,wheelchair_access,audio_support}",2026-08-03T02:39:13Z,2026-09-08T11:06:33Z,False
S0284,Harihar Bhawan/ Krishna galli,,27.680454599567,85.31736729120719,Lalitpur,LALITPUR,19,False,Harihar Bhawan/ Krishna galli Chowk / Junction,False,False,True,False,False,active,"{ward,landmark,has_shelter,has_ticket_counter,wheelchair_access,audio_support}",2026-08-03T02:39:13Z,2026-09-08T11:06:33Z,False
S0291,Naikap Bus Stop,,27.686987,85.264506,Chandragiri,KATHMANDU,10,False,Naikap Bus Stop Chowk / Junction,False,False,True,False,False,active,"{ward,landmark,has_shelter,has_ticket_counter,wheelchair_access,audio_support}",2026-08-03T02:39:13Z,2026-09-08T11:06:33Z,False
S0292,Bosigaun Chowk / Checkpost,,27.688345,85.270283,Chandragiri,KATHMANDU,12,False,Bosigaun Chowk / Checkpost Chowk / Junction,False,False,True,False,False,active,"{ward,landmark,has_shelter,has_ticket_counter,wheelchair_access,audio_support}",2026-08-03T02:39:13Z,2026-09-08T11:06:33Z,False
S0295,Underpass East / Khasibazaar,,27.695214,85.288912,Kathmandu,KATHMANDU,24,False,Underpass East / Khasibazaar Chowk / Junction,False,False,True,False,False,active,"{ward,landmark,has_shelter,has_ticket_counter,wheelchair_access,audio_support}",2026-08-03T02:39:13Z,2026-09-08T11:06:33Z,False
S0296,Soalteemode East,,27.696558,85.293512,Kathmandu,KATHMANDU,15,False,Soalteemode Chowk / Junction,False,False,True,False,False,active,"{ward,landmark,has_shelter,has_ticket_counter,wheelchair_access,audio_support}",2026-08-03T02:39:13Z,2026-09-08T11:06:33Z,False
S0304,Naya Baneshwor Chowk,,27.688297308723456,85.33483400028206,Kathmandu,KATHMANDU,27,False,Naya Baneshwor Chowk Chowk / Junction,False,False,True,False,False,active,"{ward,landmark,has_shelter,has_ticket_counter,wheelchair_access,audio_support}",2026-08-03T02:39:13Z,2026-09-08T11:06:33Z,False
S0312,Lokanthali South,,27.674711,85.359934,Madhyapur Thimi,BHAKTAPUR,22,False,Lokanthali Chowk / Junction,False,False,True,False,False,active,"{ward,landmark,has_shelter,has_ticket_counter,wheelchair_access,audio_support}",2026-08-03T02:39:13Z,2026-09-08T11:06:33Z,False
S0313,Balkot Mod,,27.667252,85.360722,Madhyapur Thimi,BHAKTAPUR,32,False,Balkot Mod Chowk / Junction,False,False,True,False,False,active,"{ward,landmark,has_shelter,has_ticket_counter,wheelchair_access,audio_support}",2026-08-03T02:39:13Z,2026-09-08T11:06:33Z,False
S0314,Balkot Chowk,,27.664344,85.362788,Mahalaxmi,LALITPUR,32,False,Balkot Chowk Chowk / Junction,False,False,True,False,False,active,"{ward,landmark,has_shelter,has_ticket_counter,wheelchair_access,audio_support}",2026-08-03T02:39:13Z,2026-09-08T11:06:33Z,False
S0315,Gamcha Bus Stop,,27.660997,85.369792,Mahalaxmi,LALITPUR,24,False,Gamcha Bus Stop Chowk / Junction,False,False,True,False,False,active,"{ward,landmark,has_shelter,has_ticket_counter,wheelchair_access,audio_support}",2026-08-03T02:39:13Z,2026-09-08T11:06:33Z,False
S0316,Biruwa / Dadhikot Mod,,27.654451,85.376347,Mahalaxmi,LALITPUR,9,False,Biruwa / Dadhikot Mod Chowk / Junction,False,False,True,False,False,active,"{ward,landmark,has_shelter,has_ticket_counter,wheelchair_access,audio_support}",2026-08-03T02:39:13Z,2026-09-08T11:06:33Z,False
S0317,Dadhikot Health Post,,27.646769,85.390041,Mahalaxmi,LALITPUR,20,False,Dadhikot Health Post Chowk / Junction,False,False,True,False,False,active,"{ward,landmark,has_shelter,has_ticket_counter,wheelchair_access,audio_support}",2026-08-03T02:39:13Z,2026-09-08T11:06:33Z,False
S0319,Siddhapokhari,,27.671642,85.415214,Bhaktapur,BHAKTAPUR,17,False,Siddhapokhari Chowk / Junction,False,False,True,False,False,active,"{ward,landmark,has_shelter,has_ticket_counter,wheelchair_access,audio_support}",2026-08-03T02:39:13Z,2026-09-08T11:06:33Z,False
S0322,Nagadesh,,27.6828680968766,85.38582776622059,Madhyapur Thimi,BHAKTAPUR,30,False,Nagadesh Chowk / Junction,False,False,True,False,False,active,"{ward,landmark,has_shelter,has_ticket_counter,wheelchair_access,audio_support}",2026-08-03T02:39:13Z,2026-09-08T11:06:33Z,False
S0323,Purano Thimi / Siddhikali Chowk,,27.68199842397997,85.38317262570563,Madhyapur Thimi,BHAKTAPUR,17,False,Purano Thimi / Siddhikali Chowk Chowk / Junction,False,False,True,False,False,active,"{ward,landmark,has_shelter,has_ticket_counter,wheelchair_access,audio_support}",2026-08-03T02:39:13Z,2026-09-08T11:06:33Z,False
S0324,Balkumari Thimi,,27.67701989572437,85.38286806346399,Madhyapur Thimi,BHAKTAPUR,26,False,Balkumari Thimi Chowk / Junction,False,False,True,False,False,active,"{ward,landmark,has_shelter,has_ticket_counter,wheelchair_access,audio_support}",2026-08-03T02:39:13Z,2026-09-08T11:06:33Z,False
S0325,Gatthaghar,,27.67417431044435,85.36901131059983,Madhyapur Thimi,BHAKTAPUR,20,False,Gatthaghar Chowk / Junction,False,False,True,False,False,active,"{ward,landmark,has_shelter,has_ticket_counter,wheelchair_access,audio_support}",2026-08-03T02:39:13Z,2026-09-08T11:06:33Z,False
S0326,Kausaltar,,27.674389,85.364316,Madhyapur Thimi,BHAKTAPUR,12,False,Kausaltar Chowk / Junction,False,False,True,False,False,active,"{ward,landmark,has_shelter,has_ticket_counter,wheelchair_access,audio_support}",2026-08-03T02:39:13Z,2026-09-08T11:06:33Z,False
S0328,Jwagal Chowk,Jwagal,27.684231,85.318666,Lalitpur,LALITPUR,30,False,Jwagal Chowk Chowk / Junction,False,False,True,False,False,active,"{ward,landmark,has_shelter,has_ticket_counter,wheelchair_access,audio_support}",2026-08-03T02:39:13Z,2026-09-08T11:06:33Z,False
S0193,Lainchour Chowk Bus Stop,"Lainchaur, Scouts Building Stop",27.71697,85.315924,Kathmandu,KATHMANDU,7,True,Lainchour Chowk Bus Stop Chowk / Junction,False,False,True,False,False,active,"{ward,landmark,has_shelter,has_ticket_counter,wheelchair_access,audio_support}",2026-08-03T02:39:13Z,2026-09-08T11:06:33Z,False
S0199,Byasi Stop,Byasi Chowk,27.674804,85.427443,Bhaktapur,BHAKTAPUR,2,False,Byasi Stop Chowk / Junction,False,False,True,False,False,active,"{ward,landmark,has_shelter,has_ticket_counter,wheelchair_access,audio_support}",2026-08-03T02:39:13Z,2026-09-08T11:06:33Z,False
S0009,Dhokashi,"Dhasi, Dhokasi",27.670661,85.279034,Kirtipur,KATHMANDU,3,False,Dhokashi Chowk / Junction,False,False,True,False,False,active,"{ward,landmark,has_shelter,has_ticket_counter,wheelchair_access,audio_support}",2026-08-03T02:39:13Z,2026-09-08T11:06:33Z,False
S0085,Nagaon Dobato,"Naya Gaun Dobato, Nagaun",27.674795,85.277757,Kirtipur,KATHMANDU,17,False,Nagaon Dobato Chowk / Junction,False,False,True,False,False,active,"{ward,landmark,has_shelter,has_ticket_counter,wheelchair_access,audio_support}",2026-08-03T02:39:13Z,2026-09-08T11:06:33Z,False
S0048,Bhatkepati,Bhatkepati Chowk,27.665215,85.254394,Chandragiri,KATHMANDU,5,False,Bhatkepati Chowk / Junction,False,False,True,False,False,active,"{ward,landmark,has_shelter,has_ticket_counter,wheelchair_access,audio_support}",2026-08-03T02:39:13Z,2026-09-08T11:06:33Z,False
S0072,Mandikhatar Stop,Mandikhatar Chowk,27.736293,85.347685,Kathmandu,KATHMANDU,17,False,Mandikhatar Stop Chowk / Junction,False,False,True,False,False,active,"{ward,landmark,has_shelter,has_ticket_counter,wheelchair_access,audio_support}",2026-08-03T02:39:13Z,2026-09-08T11:06:33Z,False
S0079,Sorhakhutte,"Sorhakhutte Pati, Sorhakhutte Chowk",27.718841,85.3096,Kathmandu,KATHMANDU,24,False,Sorhakhutte Chowk / Junction,False,False,True,False,False,active,"{ward,landmark,has_shelter,has_ticket_counter,wheelchair_access,audio_support}",2026-08-03T02:39:13Z,2026-09-08T11:06:33Z,False
S0093,Bishalnagar Stop,Bishalnagar Chowk,27.721954,85.335587,Kathmandu,KATHMANDU,17,False,Bishalnagar Stop Chowk / Junction,False,False,True,False,False,active,"{ward,landmark,has_shelter,has_ticket_counter,wheelchair_access,audio_support}",2026-08-03T02:39:13Z,2026-09-08T11:06:33Z,False
S0232,Matatirtha Stop,,27.680577,85.232858,Chandragiri,KATHMANDU,17,False,Matatirtha Stop Chowk / Junction,False,False,True,False,False,active,"{ward,landmark,has_shelter,has_ticket_counter,wheelchair_access,audio_support}",2026-08-03T02:39:13Z,2026-09-08T11:06:33Z,False
S0001,KU Bus Stand (26 Kilo),26 Kilo (26 Kilo Stand),27.625178,85.540892,Dhulikhel,KAVREPALANCHOK,2,False,KU Bus Stand (26 Kilo) Chowk / Junction,False,False,True,False,False,active,"{ward,landmark,has_shelter,has_ticket_counter,wheelchair_access,audio_support}",2026-08-03T02:39:13Z,2026-09-08T11:06:33Z,False
S0060,Chapagaun,"Chapagaun Dobato, Chapagaun Bus Park",27.59755,85.323858,Godawari,LALITPUR,2,False,Chapagaun Chowk / Junction,False,False,True,False,False,active,"{ward,landmark,has_shelter,has_ticket_counter,wheelchair_access,audio_support}",2026-08-03T02:39:13Z,2026-09-08T11:06:33Z,False
S0047,Tinkune (Kirtipur side),"Balkhu Tinkune, Kirtipur Tinkune",27.676654,85.283543,Kirtipur,KATHMANDU,28,False,Tinkune (Kirtipur side) Chowk / Junction,False,False,True,False,False,active,"{ward,landmark,has_shelter,has_ticket_counter,wheelchair_access,audio_support}",2026-08-03T02:39:13Z,2026-09-08T11:06:33Z,False
S0019,Barahi Movies,"Barahi Cinema, Suryabinayak Stop, Barahi Cinema (formerly tracked separately as S0229, merged)",27.666079,85.421512,Suryabinayak,BHAKTAPUR,22,False,Barahi Movies Chowk / Junction,False,False,True,False,False,active,"{ward,landmark,has_shelter,has_ticket_counter,wheelchair_access,audio_support}",2026-08-03T02:39:13Z,2026-09-08T11:06:33Z,False
S0337,Maharajgunj Chowk,,27.733025,85.328885,Kathmandu,KATHMANDU,7,True,Maharajgunj Chowk Chowk / Junction,False,False,True,False,False,active,"{ward,landmark,has_shelter,has_ticket_counter,wheelchair_access,audio_support}",2026-08-03T02:53:43Z,2026-09-08T11:06:33Z,False
S0338,Kamalpokhari,,27.710125,85.324984,Kathmandu,KATHMANDU,9,True,Kamalpokhari Chowk / Junction,False,False,True,False,False,active,"{ward,landmark,has_shelter,has_ticket_counter,wheelchair_access,audio_support,lat,lng}",2026-08-03T02:53:43Z,2026-09-08T11:06:33Z,False
S0339,Hattisar,,27.710221,85.323365,Kathmandu,KATHMANDU,10,False,Hattisar Chowk / Junction,False,False,True,False,False,active,"{ward,landmark,has_shelter,has_ticket_counter,wheelchair_access,audio_support,lat,lng}",2026-08-03T02:53:43Z,2026-09-08T11:06:33Z,False
S0341,Durbar Marg,,27.709285,85.322013,Kathmandu,KATHMANDU,19,True,Durbar Marg Chowk / Junction,False,False,True,False,False,active,"{ward,landmark,has_shelter,has_ticket_counter,wheelchair_access,audio_support,lat,lng}",2026-08-03T02:53:43Z,2026-09-08T11:06:33Z,False
S0342,Thamel,,27.717772067604344,85.31322581393388,Kathmandu,KATHMANDU,26,True,Thamel Chowk / Junction,False,False,True,False,False,active,"{ward,landmark,has_shelter,has_ticket_counter,wheelchair_access,audio_support,lat,lng}",2026-08-03T02:53:43Z,2026-09-08T11:06:33Z,False
S0344,Narayantar,,27.721866,85.383147,Kathmandu,KATHMANDU,21,False,Narayantar Chowk / Junction,False,False,True,False,False,active,"{ward,landmark,has_shelter,has_ticket_counter,wheelchair_access,audio_support}",2026-08-03T02:53:43Z,2026-09-08T11:06:33Z,False
S0345,Khasi Bazaar,,27.68933288359337,85.28435471352353,Kathmandu,KATHMANDU,9,False,Khasi Bazaar Chowk / Junction,False,False,True,False,False,active,"{ward,landmark,has_shelter,has_ticket_counter,wheelchair_access,audio_support}",2026-08-03T02:53:43Z,2026-09-08T11:06:33Z,False
S0346,Syuchatar,,27.70096,85.27484,Kathmandu,KATHMANDU,9,False,Syuchatar Chowk / Junction,False,False,True,False,False,active,"{ward,landmark,has_shelter,has_ticket_counter,wheelchair_access,audio_support,lat,lng}",2026-08-03T02:53:43Z,2026-09-08T11:06:33Z,False
S0347,Tilganga,,27.706227,85.350073,Kathmandu,KATHMANDU,9,False,Tilganga Chowk / Junction,False,False,True,False,False,active,"{ward,landmark,has_shelter,has_ticket_counter,wheelchair_access,audio_support,lat,lng}",2026-08-03T02:53:43Z,2026-09-08T11:06:33Z,False
S0348,Battisputali,,27.708143,85.341,Kathmandu,KATHMANDU,10,False,Battisputali Chowk / Junction,False,False,True,False,False,active,"{ward,landmark,has_shelter,has_ticket_counter,wheelchair_access,audio_support,lat,lng}",2026-08-03T02:53:43Z,2026-09-08T11:06:33Z,False
S0349,Macchapokhari,,27.729789,85.305405,Kathmandu,KATHMANDU,2,False,Macchapokhari Chowk / Junction,False,False,True,False,False,active,"{ward,landmark,has_shelter,has_ticket_counter,wheelchair_access,audio_support,lat,lng}",2026-08-03T02:53:43Z,2026-09-08T11:06:33Z,False
S0350,Jayabageshwori,,27.710091,85.344082,Kathmandu,KATHMANDU,9,False,Jayabageshwori Chowk / Junction,False,False,True,False,False,active,"{ward,landmark,has_shelter,has_ticket_counter,wheelchair_access,audio_support,lat,lng}",2026-08-03T02:53:43Z,2026-09-08T11:06:33Z,False
S0351,Maligaun,,27.716376,85.330124,Kathmandu,KATHMANDU,3,False,Maligaun Chowk / Junction,False,False,True,False,False,active,"{ward,landmark,has_shelter,has_ticket_counter,wheelchair_access,audio_support,lat,lng}",2026-08-03T02:53:43Z,2026-09-08T11:06:33Z,False
S0352,Mahalaxmisthan,,27.66119,85.318279,Lalitpur,LALITPUR,5,False,Mahalaxmisthan Chowk / Junction,False,False,True,False,False,active,"{ward,landmark,has_shelter,has_ticket_counter,wheelchair_access,audio_support}",2026-08-03T02:53:43Z,2026-09-08T11:06:33Z,False
S0353,Sano Bharyang,,27.721554,85.290813,Kathmandu,KATHMANDU,2,False,Sano Bharyang Chowk / Junction,False,False,True,False,False,active,"{ward,landmark,has_shelter,has_ticket_counter,wheelchair_access,audio_support}",2026-08-03T02:53:43Z,2026-09-08T11:06:33Z,False
S0354,Chappal Karkhana,,27.73497,85.342269,Kathmandu,KATHMANDU,6,False,Chappal Karkhana Chowk / Junction,False,False,True,False,False,active,"{ward,landmark,has_shelter,has_ticket_counter,wheelchair_access,audio_support,lat,lng}",2026-08-03T02:53:43Z,2026-09-08T11:06:33Z,False
S0355,Gopikrishna,,27.722061,85.345525,Kathmandu,KATHMANDU,7,False,Gopikrishna Chowk / Junction,False,False,True,False,False,active,"{ward,landmark,has_shelter,has_ticket_counter,wheelchair_access,audio_support,lat,lng}",2026-08-03T02:53:43Z,2026-09-08T11:06:33Z,False
S0356,Naya Bazar (Thamel),,27.718219340163948,85.31046624880678,Kathmandu,KATHMANDU,26,False,Naya Bazar (Thamel) Chowk / Junction,False,False,True,False,False,active,"{ward,landmark,has_shelter,has_ticket_counter,wheelchair_access,audio_support,lat,lng}",2026-08-03T02:53:43Z,2026-09-08T11:06:33Z,False
S0357,Chhetrapati,,27.7128,85.309,Kathmandu,KATHMANDU,26,True,Chhetrapati Chowk / Junction,False,False,True,False,False,active,"{ward,landmark,has_shelter,has_ticket_counter,wheelchair_access,audio_support,lat,lng}",2026-08-03T02:53:43Z,2026-09-08T11:06:33Z,False
S0358,Kirtipur Mod,,27.6796708214552,85.29205261668892,Kathmandu,KATHMANDU,1,False,Kirtipur Mod Chowk / Junction,False,False,True,False,False,active,"{ward,landmark,has_shelter,has_ticket_counter,wheelchair_access,audio_support,lat,lng}",2026-08-03T02:53:43Z,2026-09-08T11:06:33Z,False
S0360,Lubhu Bus Park,,27.649244,85.362031,Lalitpur,LALITPUR,,True,"Lubhu Bus Park (Lubhu, Mahalaxmi)",False,False,True,False,False,active,"{ward,landmark,has_shelter,has_ticket_counter,wheelchair_access,audio_support}",2026-08-03T02:53:43Z,2026-09-08T11:06:33Z,False
S0361,Dungin / School Chowk,,27.650794,85.35582,Lalitpur,LALITPUR,,False,Dungin / School Chowk (Lubhu),False,False,True,False,False,active,"{ward,landmark,has_shelter,has_ticket_counter,wheelchair_access,audio_support}",2026-08-03T02:53:43Z,2026-09-08T11:06:33Z,False
S0362,Sanagaun Chowk,,27.658101,85.347054,Lalitpur,LALITPUR,,False,"Sanagaun Chowk (Sanagaun, Mahalaxmi)",False,False,True,False,False,active,"{ward,landmark,has_shelter,has_ticket_counter,wheelchair_access,audio_support}",2026-08-03T02:53:43Z,2026-09-08T11:06:33Z,False
S0363,Siddhipur / Tikathali Dobato,,27.65967718244352,85.34397894800901,Lalitpur,LALITPUR,,False,Siddhipur / Tikathali Dobato (Siddhipur),False,False,True,False,False,active,"{ward,landmark,has_shelter,has_ticket_counter,wheelchair_access,audio_support}",2026-08-03T02:53:43Z,2026-09-08T11:06:33Z,False
S0364,Imadol Krishna Mandir,,27.6655,85.3388,Lalitpur,LALITPUR,,False,Imadol Krishna Mandir (Imadol),False,False,True,False,False,active,"{ward,landmark,has_shelter,has_ticket_counter,wheelchair_access,audio_support}",2026-08-03T02:53:43Z,2026-09-08T11:06:33Z,False
S0365,Ratamakai Chowk,,27.668,85.3362,Lalitpur,LALITPUR,,False,Ratamakai Chowk (Imadol),False,False,True,False,False,active,"{ward,landmark,has_shelter,has_ticket_counter,wheelchair_access,audio_support}",2026-08-03T02:53:43Z,2026-09-08T11:06:33Z,False
S0366,KIST Hospital Chowk,,27.6692,85.335,Lalitpur,LALITPUR,,False,KIST Hospital Chowk (Imadol / KIST Hospital),False,False,True,False,False,active,"{ward,landmark,has_shelter,has_ticket_counter,wheelchair_access,audio_support}",2026-08-03T02:53:43Z,2026-09-08T11:06:33Z,False
S0367,Prayag Pokhari / Patan College,,27.66844,85.325049,Lalitpur,LALITPUR,,False,Prayag Pokhari / Patan College (Lagankhel Road),False,False,True,False,False,active,"{ward,landmark,has_shelter,has_ticket_counter,wheelchair_access,audio_support}",2026-08-03T02:53:43Z,2026-09-08T11:06:33Z,False
S0368,Patan Hospital Dobato,,27.6672,85.3235,Lalitpur,LALITPUR,,False,Patan Hospital Dobato (Batuk Bhairav),False,False,True,False,False,active,"{ward,landmark,has_shelter,has_ticket_counter,wheelchair_access,audio_support}",2026-08-03T02:53:43Z,2026-09-08T11:06:33Z,False
S0153,Poolbazar Bus Stop (Pulbazar),,27.631984,85.515293,Kavrepalanchok,KAVREPALANCHOK,,False,Poolbazar Bus Stop (Pulbazar) (Banepa),False,False,True,False,False,active,"{ward,landmark,has_shelter,has_ticket_counter,wheelchair_access,audio_support}",2026-08-03T02:53:43Z,2026-09-08T11:06:33Z,False
S0229,Chundevi Bus Stop (Chunudevi),,27.667019,85.417215,Bhaktapur,BHAKTAPUR,,False,Chundevi Bus Stop (Chunudevi) (Katunje / Suryabinayak),False,False,True,False,False,active,"{ward,landmark,has_shelter,has_ticket_counter,wheelchair_access,audio_support}",2026-08-03T02:53:43Z,2026-09-08T11:06:33Z,False
S0369,Thali,,27.726358,85.40448,Kageshwori Manahara,KATHMANDU,,False,Thali Chowk (Jorpati-Sankhu Road),False,False,True,False,False,active,"{ward,landmark,has_shelter,has_ticket_counter,wheelchair_access,audio_support}",2026-08-05T00:00:00Z,2026-09-08T11:06:33Z,False
S0370,Danchhi,"Danchi, Daanchhi",27.726985,85.4147,Kageshwori Manahara,KATHMANDU,5,True,Kageshwori Manahara Municipality Office,False,False,True,False,False,active,"{landmark,has_shelter,has_ticket_counter,wheelchair_access,audio_support}",2026-08-05T00:00:00Z,2026-09-08T11:06:33Z,False
S0371,Bramhakhel,Brahmakhel,27.729051,85.427031,Kageshwori Manahara,KATHMANDU,,False,Bramhakhel Road / Hariyali Nagar-Bramhakhel section,False,False,True,False,False,active,"{lat,lng,ward,landmark,has_shelter,has_ticket_counter,wheelchair_access,audio_support}",2026-08-05T00:00:00Z,2026-09-08T11:06:33Z,False
S0372,Pepsicola,,27.68985,85.363115,Kathmandu,KATHMANDU,,False,,False,False,True,False,False,active,"{ward,landmark,has_shelter,has_ticket_counter,wheelchair_access,audio_support -- confirmed distinct from S0156 Pepsi Cola Chowk (307m away) per Dipesh}",2026-09-08T11:06:33Z,2026-09-08T11:06:33Z,False
S0373,Babachowk,,27.6975,85.3686,Kathmandu,KATHMANDU,,False,,False,False,True,False,False,active,"{ward,landmark,has_shelter,has_ticket_counter,wheelchair_access,audio_support}",2026-09-08T11:06:33Z,2026-09-08T11:06:33Z,False
S0374,Gothatar Height/Tarigaon,,27.701787,85.366897,Kathmandu,KATHMANDU,,False,,False,False,True,False,False,active,"{ward,landmark,has_shelter,has_ticket_counter,wheelchair_access,audio_support -- 272m from S0120 Gothatar; not yet confirmed distinct,worth a field check}",2026-09-08T11:06:33Z,2026-09-08T11:06:33Z,False
S0375,Gothatar Chowk,,27.70097,85.365121,Kathmandu,KATHMANDU,,False,,False,False,True,False,False,active,"{ward,landmark,has_shelter,has_ticket_counter,wheelchair_access,audio_support}",2026-09-08T11:06:33Z,2026-09-08T11:06:33Z,False
S0376,Gothatar School,,27.699094,85.36474,Kathmandu,KATHMANDU,,False,,False,False,True,False,False,active,"{ward,landmark,has_shelter,has_ticket_counter,wheelchair_access,audio_support}",2026-09-08T11:06:33Z,2026-09-08T11:06:33Z,False
S0377,Khahare,,27.698068,85.36532,Kathmandu,KATHMANDU,,False,,False,False,True,False,False,active,"{ward,landmark,has_shelter,has_ticket_counter,wheelchair_access,audio_support}",2026-09-08T11:06:33Z,2026-09-08T11:06:33Z,False
S0378,Khahare Chowk,,27.696629,85.366264,Kathmandu,KATHMANDU,,False,,False,False,True,False,False,active,"{ward,landmark,has_shelter,has_ticket_counter,wheelchair_access,audio_support}",2026-09-08T11:06:33Z,2026-09-08T11:06:33Z,False
S0379,Hanumansthan,,27.694414,85.32756,Kathmandu,KATHMANDU,,False,,False,False,True,False,False,active,"{ward,landmark,has_shelter,has_ticket_counter,wheelchair_access,audio_support -- confirmed distinct from S0209 Singha Durbar East Stop (65m away) per Dipesh}",2026-09-08T11:06:33Z,2026-09-08T11:06:33Z,False
S0380,Padmodaya,,27.7015,85.318,Kathmandu,KATHMANDU,,False,,False,False,True,False,False,active,"{ward,landmark,has_shelter,has_ticket_counter,wheelchair_access,audio_support -- 100m from S0066 Bhrikuti Mandap Stop,which is also where Pradarshani Marg was resolved to; if Padmodaya/Pradarshani Marg was meant as one combined waypoint,consider dropping this row and using S0066 for both -- VERIFY}",2026-09-08T11:06:33Z,2026-09-08T11:06:33Z,False
S0382,Baidya Khana,,27.700075,85.325983,Kathmandu,KATHMANDU,,False,,False,False,True,False,False,active,"{ward,landmark,has_shelter,has_ticket_counter,wheelchair_access,audio_support -- 215m from S0196 Anamnagar Stop,worth a field check}",2026-09-08T11:06:33Z,2026-09-08T11:06:33Z,False
S0383,Harharmahadev,,27.693,85.372,Madhyapur Thimi,BHAKTAPUR,,False,,False,False,True,False,False,active,"{district,zone,ward,landmark,has_shelter,has_ticket_counter,wheelchair_access,audio_support -- coords sit near the Kathmandu/Bhaktapur boundary (closest existing stop is 1.1km away in Madhyapur Thimi zone); district/zone assignment here is a guess,VERIFY}",2026-09-08T11:06:33Z,2026-09-08T11:06:33Z,False
S0384,Kandaghari,,27.695279717039835,85.36690196231136,Kathmandu,KATHMANDU,,False,,False,False,True,False,False,active,"{ward,landmark,has_shelter,has_ticket_counter,wheelchair_access,audio_support}",2026-09-08T11:06:33Z,2026-09-08T11:06:33Z,False
S0385,Chandragiri Hills Cable Car Station,,27.698119569697823,85.31342991976244,Chandragiri,KATHMANDU,10,False,Chandragiri Hills Cable Car Station Chowk / Junction,False,False,False,False,False,active,"{ward,landmark,has_shelter,has_ticket_counter,wheelchair_access,audio_support}",2026-08-22T11:28:13Z,2026-09-08T11:06:33Z,False
S0386,Chandragiri Danda Road Junction,,27.682,85.21,Chandragiri,KATHMANDU,10,False,Chandragiri Danda Road Junction Chowk / Junction,False,False,False,False,False,active,"{ward,landmark,has_shelter,has_ticket_counter,wheelchair_access,audio_support}",2026-08-22T11:28:13Z,2026-09-08T11:06:33Z,False
S0387,Dahachok Chowk,,27.687,85.205,Chandragiri,KATHMANDU,9,False,Dahachok Chowk Chowk / Junction,False,False,False,False,False,active,"{ward,landmark,has_shelter,has_ticket_counter,wheelchair_access,audio_support}",2026-08-22T11:28:13Z,2026-09-08T11:06:33Z,False
S0388,Dahachok,,27.689,85.201,Chandragiri,KATHMANDU,9,False,Dahachok Chowk / Junction,False,False,False,False,False,active,"{ward,landmark,has_shelter,has_ticket_counter,wheelchair_access,audio_support}",2026-08-22T11:28:13Z,2026-09-08T11:06:33Z,False
S0389,Balambu Chowk,,27.6935,85.244,Chandragiri,KATHMANDU,14,False,Balambu Chowk Chowk / Junction,False,False,False,False,False,active,"{ward,landmark,has_shelter,has_ticket_counter,wheelchair_access,audio_support}",2026-08-22T11:28:13Z,2026-09-08T11:06:33Z,False
S0390,Balambu,,27.692,85.2415,Chandragiri,KATHMANDU,14,False,Balambu Chowk / Junction,False,False,False,False,False,active,"{ward,landmark,has_shelter,has_ticket_counter,wheelchair_access,audio_support}",2026-08-22T11:28:13Z,2026-09-08T11:06:33Z,False
S0391,Machhegaun Chowk,,27.663,85.2545,Chandragiri,KATHMANDU,13,False,Machhegaun Chowk Chowk / Junction,False,False,False,False,False,active,"{ward,landmark,has_shelter,has_ticket_counter,wheelchair_access,audio_support}",2026-08-22T11:28:13Z,2026-09-08T11:06:33Z,False
S0392,Machhegaun,,27.66,85.251,Chandragiri,KATHMANDU,13,False,Machhegaun Chowk / Junction,False,False,False,False,False,active,"{ward,landmark,has_shelter,has_ticket_counter,wheelchair_access,audio_support}",2026-08-22T11:28:13Z,2026-09-08T11:06:33Z,False
S0393,Pharping Chowk,,27.5965,85.284,Dakshinkali,KATHMANDU,3,False,Pharping Chowk Chowk / Junction,False,False,False,False,False,active,"{ward,landmark,has_shelter,has_ticket_counter,wheelchair_access,audio_support}",2026-08-22T11:28:13Z,2026-09-08T11:06:33Z,False
S0394,Pharping Danda,,27.595,85.2855,Dakshinkali,KATHMANDU,3,False,Pharping Danda Chowk / Junction,False,False,False,False,False,active,"{ward,landmark,has_shelter,has_ticket_counter,wheelchair_access,audio_support}",2026-08-22T11:28:13Z,2026-09-08T11:06:33Z,False
S0395,Pharping,,27.5925,85.282,Dakshinkali,KATHMANDU,3,False,Pharping Chowk / Junction,False,False,False,False,False,active,"{ward,landmark,has_shelter,has_ticket_counter,wheelchair_access,audio_support}",2026-08-22T11:28:13Z,2026-09-08T11:06:33Z,False
S0396,Ramkot Road Junction,,27.7125,85.269,Nagarjun,KATHMANDU,5,False,Ramkot Road Junction Chowk / Junction,False,False,False,False,False,active,"{ward,landmark,has_shelter,has_ticket_counter,wheelchair_access,audio_support}",2026-08-22T11:28:13Z,2026-09-08T11:06:33Z,False
S0397,Nagarjun Gate (Fulbari),,27.7245,85.275,Nagarjun,KATHMANDU,5,False,Nagarjun Gate (Fulbari) Chowk / Junction,False,False,False,False,False,active,"{ward,landmark,has_shelter,has_ticket_counter,wheelchair_access,audio_support}",2026-08-22T11:28:13Z,2026-09-08T11:06:33Z,False
S0398,Nagarjun,,27.743,85.26,Nagarjun,KATHMANDU,5,False,Nagarjun Chowk / Junction,False,False,False,False,False,active,"{ward,landmark,has_shelter,has_ticket_counter,wheelchair_access,audio_support}",2026-08-22T11:28:13Z,2026-09-08T11:06:33Z,False
S0399,Ichangu Road,,27.7165,85.2775,Nagarjun,KATHMANDU,2,False,Ichangu Road Chowk / Junction,False,False,False,False,False,active,"{ward,landmark,has_shelter,has_ticket_counter,wheelchair_access,audio_support}",2026-08-22T11:28:13Z,2026-09-08T11:06:33Z,False
S0400,Ichangu Narayan,,27.7297,85.2638,Nagarjun,KATHMANDU,2,False,Ichangu Narayan Chowk / Junction,False,False,False,False,False,active,"{ward,landmark,has_shelter,has_ticket_counter,wheelchair_access,audio_support}",2026-08-22T11:28:13Z,2026-09-08T11:06:33Z,False
S0401,Manamaiju Chowk,,27.732,85.2895,Nagarjun,KATHMANDU,7,False,Manamaiju Chowk Chowk / Junction,False,False,False,False,False,active,"{ward,landmark,has_shelter,has_ticket_counter,wheelchair_access,audio_support}",2026-08-22T11:28:13Z,2026-09-08T11:06:33Z,False
S0402,Manamaiju,,27.7355,85.288,Nagarjun,KATHMANDU,7,False,Manamaiju Chowk / Junction,False,False,False,False,False,active,"{ward,landmark,has_shelter,has_ticket_counter,wheelchair_access,audio_support}",2026-08-22T11:28:13Z,2026-09-08T11:06:33Z,False
S0403,Halchowk,,27.7165,85.279,Kathmandu,KATHMANDU,2,False,Halchowk Chowk / Junction,False,False,False,False,False,active,"{ward,landmark,has_shelter,has_ticket_counter,wheelchair_access,audio_support}",2026-08-22T11:28:13Z,2026-09-08T11:06:33Z,False
S0404,Dallu Awas,,27.7,85.2975,Kathmandu,KATHMANDU,14,False,Dallu Awas Chowk / Junction,False,False,False,False,False,active,"{ward,landmark,has_shelter,has_ticket_counter,wheelchair_access,audio_support}",2026-08-22T11:28:13Z,2026-09-08T11:06:33Z,False
S0405,Dallu,,27.701,85.296,Kathmandu,KATHMANDU,14,False,Dallu Chowk / Junction,False,False,False,False,False,active,"{ward,landmark,has_shelter,has_ticket_counter,wheelchair_access,audio_support}",2026-08-22T11:28:13Z,2026-09-08T11:06:33Z,False
S0406,Kimdol Chowk,,27.713,85.2825,Kathmandu,KATHMANDU,16,False,Kimdol Chowk Chowk / Junction,False,False,False,False,False,active,"{ward,landmark,has_shelter,has_ticket_counter,wheelchair_access,audio_support}",2026-08-22T11:28:13Z,2026-09-08T11:06:33Z,False
S0407,Kimdol,,27.715,85.2815,Kathmandu,KATHMANDU,16,False,Kimdol Chowk / Junction,False,False,False,False,False,active,"{ward,landmark,has_shelter,has_ticket_counter,wheelchair_access,audio_support}",2026-08-22T11:28:13Z,2026-09-08T11:06:33Z,False
S0408,Baniyatar Road,,27.746,85.3245,Tarkeshwor,KATHMANDU,2,False,Baniyatar Road Chowk / Junction,False,False,False,False,False,active,"{ward,landmark,has_shelter,has_ticket_counter,wheelchair_access,audio_support}",2026-08-22T11:28:13Z,2026-09-08T11:06:33Z,False
S0409,Tarkeshwor Chowk,,27.759,85.314,Tarkeshwor,KATHMANDU,1,False,Tarkeshwor Chowk Chowk / Junction,False,False,False,False,False,active,"{ward,landmark,has_shelter,has_ticket_counter,wheelchair_access,audio_support}",2026-08-22T11:28:13Z,2026-09-08T11:06:33Z,False
S0410,Tarkeshwor,,27.7867,85.3032,Tarkeshwor,KATHMANDU,1,False,Tarkeshwor Chowk / Junction,False,False,False,False,False,active,"{ward,landmark,has_shelter,has_ticket_counter,wheelchair_access,audio_support}",2026-08-22T11:28:13Z,2026-09-08T11:06:33Z,False
S0411,Tokha Bazar,,27.748,85.34,Tokha,KATHMANDU,5,False,Tokha Bazar Chowk / Junction,False,False,False,False,False,active,"{ward,landmark,has_shelter,has_ticket_counter,wheelchair_access,audio_support}",2026-08-22T11:28:13Z,2026-09-08T11:06:33Z,False
S0412,Tokha,,27.746,85.339,Tokha,KATHMANDU,5,False,Tokha Chowk / Junction,False,False,False,False,False,active,"{ward,landmark,has_shelter,has_ticket_counter,wheelchair_access,audio_support}",2026-08-22T11:28:13Z,2026-09-08T11:06:33Z,False
S0413,Narayanthan Chowk,,27.735,85.3165,Tokha,KATHMANDU,10,False,Narayanthan Chowk Chowk / Junction,False,False,False,False,False,active,"{ward,landmark,has_shelter,has_ticket_counter,wheelchair_access,audio_support}",2026-08-22T11:28:13Z,2026-09-08T11:06:33Z,False
S0414,Narayanthan,,27.736,85.315,Tokha,KATHMANDU,10,False,Narayanthan Chowk / Junction,False,False,False,False,False,active,"{ward,landmark,has_shelter,has_ticket_counter,wheelchair_access,audio_support}",2026-08-22T11:28:13Z,2026-09-08T11:06:33Z,False
S0415,Ranibari Forest Gate,,27.7315,85.3335,Kathmandu,KATHMANDU,7,False,Ranibari Forest Gate Chowk / Junction,False,False,False,False,False,active,"{ward,landmark,has_shelter,has_ticket_counter,wheelchair_access,audio_support}",2026-08-22T11:28:13Z,2026-09-08T11:06:33Z,False
S0416,Ranibari,,27.7325,85.3345,Kathmandu,KATHMANDU,7,False,Ranibari Chowk / Junction,False,False,False,False,False,active,"{ward,landmark,has_shelter,has_ticket_counter,wheelchair_access,audio_support}",2026-08-22T11:28:13Z,2026-09-08T11:06:33Z,False
S0417,Mulpani Chowk,,27.717,85.386,Kageshwari Manohara,KATHMANDU,15,False,Mulpani Chowk Chowk / Junction,False,False,False,False,False,active,"{ward,landmark,has_shelter,has_ticket_counter,wheelchair_access,audio_support}",2026-08-22T11:28:13Z,2026-09-08T11:06:33Z,False
S0418,Mulpani,,27.7185,85.3875,Kageshwari Manohara,KATHMANDU,15,False,Mulpani Chowk / Junction,False,False,False,False,False,active,"{ward,landmark,has_shelter,has_ticket_counter,wheelchair_access,audio_support}",2026-08-22T11:28:13Z,2026-09-08T11:06:33Z,False
S0419,Chunikhel Chowk,,27.738,85.363,Budhanilkantha,KATHMANDU,21,False,Chunikhel Chowk Chowk / Junction,False,False,False,False,False,active,"{ward,landmark,has_shelter,has_ticket_counter,wheelchair_access,audio_support}",2026-08-22T11:28:13Z,2026-09-08T11:06:33Z,False
S0420,Chunikhel,,27.741,85.3615,Budhanilkantha,KATHMANDU,21,False,Chunikhel Chowk / Junction,False,False,False,False,False,active,"{ward,landmark,has_shelter,has_ticket_counter,wheelchair_access,audio_support}",2026-08-22T11:28:13Z,2026-09-08T11:06:33Z,False
S0421,Jhor Mahadev Road,,27.75,85.4,Gokarneshwor,KATHMANDU,12,False,Jhor Mahadev Road Chowk / Junction,False,False,False,False,False,active,"{ward,landmark,has_shelter,has_ticket_counter,wheelchair_access,audio_support}",2026-08-22T11:28:13Z,2026-09-08T11:06:33Z,False
S0422,Jhor,,27.7515,85.402,Gokarneshwor,KATHMANDU,12,False,Jhor Chowk / Junction,False,False,False,False,False,pending_release,"{audio_support,has_shelter,has_ticket_counter,landmark,lat,lng,ward,wheelchair_access}",2026-08-22T11:28:13Z,2026-09-08T11:06:33Z,False
S_391,lainchaur chowk,,27.716742,85.316015,,,,False,,False,False,False,False,False,active,{nan},2026-08-22 16:42:44+00:00,2026-09-08T11:06:33Z,False
S_395,KALANKI,,27.69355609541224,85.28169911447858,,,,False,,False,False,False,False,False,active,{nan},2026-08-22 17:11:15.886265+00:00,2026-09-08T11:06:33Z,False
S_396,TRIPURESHWOR,,27.694216152656534,85.31417499368295,,,,False,,False,False,False,False,False,active,{nan},2026-08-22 17:31:10.353171+00:00,2026-09-08T11:06:33Z,False
S_394,bhadrakali,,27.69921266487274,85.31631589927945,,,,False,,False,False,False,False,False,active,{nan},2026-08-22 17:05:06.798496+00:00,2026-09-08T11:06:33Z,False
S_398,sallaghari,,27.669774976037456,85.41109442214834,,,,False,,False,False,False,False,False,active,{nan},2026-08-22 18:04:26.350917+00:00,2026-09-08T11:06:33Z,False
S_403,jadibuti west,,27.67518668066077,85.35238765091965,,,,False,,False,False,False,False,False,active,{nan},2026-08-22 20:00:29.550518+00:00,2026-09-08T11:06:33Z,False
S_404,koteshwor west stop,,27.67937647849558,85.34949549037229,,,,False,,False,False,False,False,False,active,{nan},2026-08-22 20:01:46.838311+00:00,2026-09-08T11:06:33Z,False
S_405,civil hospital stop,,27.68724790936398,85.33942100956088,,,,False,,False,False,False,False,False,active,{nan},2026-08-22 20:03:18.667356+00:00,2026-09-08T11:06:33Z,False
S_406,bizulibazar pul,,27.690069497501984,85.32933580361883,,,,False,,False,False,False,False,False,active,{nan},2026-08-22 20:06:11.298387+00:00,2026-09-08T11:06:33Z,False
S_407,chundevi south,,27.66708590833686,85.41680756010105,,,,False,,False,False,False,False,False,active,{nan},2026-08-22 20:21:09.686374+00:00,2026-09-08T11:06:33Z,False
S_408,suryabinayak south,,27.66569457406025,85.42417876255573,,,,False,,False,False,False,False,False,active,{nan},2026-08-22 20:26:06.050692+00:00,2026-09-08T11:06:33Z,False
S_409,srijananagar bhaktapur,,27.67259207594481,85.40510296800274,,,,False,,False,False,False,False,False,active,{nan},2026-08-22 20:29:10.874181+00:00,2026-09-08T11:06:33Z,False
S_410,ekantakuna east,,27.66662520789929,85.3087792981475,,,,False,,False,False,False,False,False,active,{nan},2026-08-22 20:38:52.758293+00:00,2026-09-08T11:06:33Z,False
S_411,Thapathali College,,27.69363141908812,85.3189293458403,,,,False,,False,False,False,False,False,active,{nan},2026-08-22 20:42:34.867356+00:00,2026-09-08T11:06:33Z,False
S_412,radhe radhe south,,27.67454005542524,85.39751172065736,,,,False,,False,False,False,False,False,active,{nan},2026-08-22 20:47:49.754727+00:00,2026-09-08T11:06:33Z,False
S_413,madhyapur hospital(thimi),,27.673275864282765,85.38639953045076,,,,False,,False,False,False,False,False,active,{nan},2026-08-22 20:50:10.088636+00:00,2026-09-08T11:06:33Z,False
S_414,saanepa height east,,27.681761246693693,85.30242797912207,,,,False,,False,False,False,False,False,active,{nan},2026-08-22 21:25:24.606635+00:00,2026-09-08T11:06:33Z,False
S_418,balkhu stop east,,27.684884880213527,85.29862991557584,,,,False,,False,False,False,False,False,active,{nan},2026-08-23 15:12:32.881752+00:00,2026-09-08T11:06:33Z,False
S_420,satdobato,,27.65894238532425,85.3245339406339,,,,False,,False,False,False,False,False,active,{nan},2026-08-23 15:22:27.087864+00:00,2026-09-08T11:06:33Z,False
S_421,gwarko ring road,,27.66671166088813,85.33199071884157,,,,False,,False,False,False,False,False,active,{nan},2026-08-26 09:32:06.080607+00:00,2026-09-08T11:06:33Z,False
S_422,chardobato south,,27.67342875875109,85.38001835346223,,,,False,,False,False,False,False,False,active,{nan},2026-08-26 09:44:18.810440+00:00,2026-09-08T11:06:33Z,False
S_423,Ekantakuna north,,27.667001173537024,85.30846238136292,,,,False,,False,False,False,False,False,active,{nan},2026-08-26 09:55:04.940630+00:00,2026-09-08T11:06:33Z,False
S_424,jawlakhel west,,27.672440701698694,85.3129255771637,,,,False,,False,False,False,False,False,active,{nan},2026-08-26 09:58:57.901316+00:00,2026-09-08T11:06:33Z,False
S_425,pulchowk west,,27.676915663225905,85.31610131263733,,,,False,,False,False,False,False,False,active,{nan},2026-08-26 09:59:39.224323+00:00,2026-09-08T11:06:33Z,False
S_426,Nabil bank west stop,,27.682930664245223,85.31841874122621,,,,False,,False,False,False,False,False,active,{nan},2026-08-26 10:00:44.527438+00:00,2026-09-08T11:06:33Z,False
S0427,Dui Adda - Balambu Chowk Link 1,,27.691888,85.267816,Chandragiri,KATHMANDU,,False,Dui Adda - Balambu Chowk Link 1 Chowk / Junction,False,False,False,False,False,active,"{ward,landmark,has_shelter,has_ticket_counter,wheelchair_access,audio_support,lat,lng,zone,district}",2026-08-30T00:00:00Z,2026-09-08T11:06:33Z,False
S0428,Dui Adda - Balambu Chowk Link 2,,27.692425,85.259877,Chandragiri,KATHMANDU,,False,Dui Adda - Balambu Chowk Link 2 Chowk / Junction,False,False,False,False,False,active,"{ward,landmark,has_shelter,has_ticket_counter,wheelchair_access,audio_support,lat,lng,zone,district}",2026-08-30T00:00:00Z,2026-09-08T11:06:33Z,False
S0429,Dui Adda - Balambu Chowk Link 3,,27.692963,85.251938,Chandragiri,KATHMANDU,,False,Dui Adda - Balambu Chowk Link 3 Chowk / Junction,False,False,False,False,False,active,"{ward,landmark,has_shelter,has_ticket_counter,wheelchair_access,audio_support,lat,lng,zone,district}",2026-08-30T00:00:00Z,2026-09-08T11:06:33Z,False
S0430,Nagaon Dobato - Bhatkepati Link 1,,27.671602,85.269969,Kirtipur,KATHMANDU,,False,Nagaon Dobato - Bhatkepati Link 1 Chowk / Junction,False,False,False,False,False,active,"{ward,landmark,has_shelter,has_ticket_counter,wheelchair_access,audio_support,lat,lng,zone,district}",2026-08-30T00:00:00Z,2026-09-08T11:06:33Z,False
S0431,Nagaon Dobato - Bhatkepati Link 2,,27.668408,85.262182,Chandragiri,KATHMANDU,,False,Nagaon Dobato - Bhatkepati Link 2 Chowk / Junction,False,False,False,False,False,active,"{ward,landmark,has_shelter,has_ticket_counter,wheelchair_access,audio_support,lat,lng,zone,district}",2026-08-30T00:00:00Z,2026-09-08T11:06:33Z,False
S0432,Khumaltar Stop - Dhapakhel Stop Link 1,,27.648198,85.328557,Lalitpur,LALITPUR,,False,Khumaltar Stop - Dhapakhel Stop Link 1 Chowk / Junction,False,False,False,False,False,active,"{ward,landmark,has_shelter,has_ticket_counter,wheelchair_access,audio_support,lat,lng,zone,district}",2026-08-30T00:00:00Z,2026-09-08T11:06:33Z,False
S0433,Khumaltar Stop - Dhapakhel Stop Link 2,,27.642173,85.328415,Lalitpur,LALITPUR,,False,Khumaltar Stop - Dhapakhel Stop Link 2 Chowk / Junction,False,False,False,False,False,active,"{ward,landmark,has_shelter,has_ticket_counter,wheelchair_access,audio_support,lat,lng,zone,district}",2026-08-30T00:00:00Z,2026-09-08T11:06:33Z,False
S0434,Budhanilkantha Stop - Shivapuri Park Stop Link,,27.783905,85.366275,Budhanilakantha,KATHMANDU,,False,Budhanilkantha Stop - Shivapuri Park Stop Link Chowk / Junction,False,False,False,False,False,active,"{ward,landmark,has_shelter,has_ticket_counter,wheelchair_access,audio_support,lat,lng,zone,district}",2026-08-30T00:00:00Z,2026-09-08T11:06:33Z,False
S0435,Panipokhari stop - President's Residence Link,,27.723923,85.321233,Kathmandu,KATHMANDU,,False,Panipokhari stop - President's Residence Link Chowk / Junction,False,False,False,False,False,active,"{ward,landmark,has_shelter,has_ticket_counter,wheelchair_access,audio_support,lat,lng,zone,district}",2026-08-30T00:00:00Z,2026-09-08T11:06:33Z,False
S0436,Jorpati - Attarkhel Link,,27.72813,85.377591,Gokarneshwor,KATHMANDU,,False,Jorpati - Attarkhel Link Chowk / Junction,False,False,False,False,False,active,"{ward,landmark,has_shelter,has_ticket_counter,wheelchair_access,audio_support,lat,lng,zone,district}",2026-08-30T00:00:00Z,2026-09-08T11:06:33Z,False
S0437,Lazimpat stop - Panipokhari stop Link,,27.724415,85.321559,Kathmandu,KATHMANDU,,False,Lazimpat stop - Panipokhari stop Link Chowk / Junction,False,False,False,False,False,active,"{ward,landmark,has_shelter,has_ticket_counter,wheelchair_access,audio_support,lat,lng,zone,district}",2026-08-30T00:00:00Z,2026-09-08T11:06:33Z,False
S0438,Gopi Krishna Stop - Ratopul Stop Link,,27.714365,85.341791,Kathmandu,KATHMANDU,,False,Gopi Krishna Stop - Ratopul Stop Link Chowk / Junction,False,False,False,False,False,active,"{ward,landmark,has_shelter,has_ticket_counter,wheelchair_access,audio_support,lat,lng,zone,district}",2026-08-30T00:00:00Z,2026-09-08T11:06:33Z,False
S0439,Bishalnagar Stop - Chapal Karkhana stop Link,,27.728448,85.338942,Kathmandu,KATHMANDU,,False,Bishalnagar Stop - Chapal Karkhana stop Link Chowk / Junction,False,False,False,False,False,active,"{ward,landmark,has_shelter,has_ticket_counter,wheelchair_access,audio_support,lat,lng,zone,district}",2026-08-30T00:00:00Z,2026-09-08T11:06:33Z,False
S0440,Jayabageshwori - Naxal Bhagwati Link,,27.712265,85.336746,Kathmandu,KATHMANDU,,False,Jayabageshwori - Naxal Bhagwati Link Chowk / Junction,False,False,False,False,False,active,"{ward,landmark,has_shelter,has_ticket_counter,wheelchair_access,audio_support,lat,lng,zone,district}",2026-08-30T00:00:00Z,2026-09-08T11:06:33Z,False
S0441,Hattigauda - Chapali Bhadrakali Link,,27.761685,85.352249,Budhanilakantha,KATHMANDU,,False,Hattigauda - Chapali Bhadrakali Link Chowk / Junction,False,False,False,False,False,active,"{ward,landmark,has_shelter,has_ticket_counter,wheelchair_access,audio_support,lat,lng,zone,district}",2026-08-30T00:00:00Z,2026-09-08T11:06:33Z,False
S0442,Lamatar - Dungin Link,,27.63116,85.389702,Mahalaxmi,LALITPUR,,False,Lamatar - Dungin Link Chowk / Junction,False,False,False,False,False,active,"{ward,landmark,has_shelter,has_ticket_counter,wheelchair_access,audio_support,lat,lng,zone,district}",2026-08-30T00:00:00Z,2026-09-08T11:06:33Z,False
S0443,Dhokashi - Chobhar Gate Link,,27.670555,85.284828,Kirtipur,KATHMANDU,,False,Dhokashi - Chobhar Gate Link Chowk / Junction,False,False,False,False,False,active,"{ward,landmark,has_shelter,has_ticket_counter,wheelchair_access,audio_support,lat,lng,zone,district}",2026-08-30T00:00:00Z,2026-09-08T11:06:33Z,False
S0444,Teaching Hospital stop - Chappal Karkhana Link,,27.735011,85.33684,Kathmandu,KATHMANDU,,False,Teaching Hospital stop - Chappal Karkhana Link Chowk / Junction,False,False,False,False,False,active,"{ward,landmark,has_shelter,has_ticket_counter,wheelchair_access,audio_support,lat,lng,zone,district}",2026-08-30T00:00:00Z,2026-09-08T11:06:33Z,False
S0445,Balaju Chowk Bus Stop - Sorhakhutte Link,,27.722937,85.307102,Kathmandu,KATHMANDU,,False,Balaju Chowk Bus Stop - Sorhakhutte Link Chowk / Junction,False,False,False,False,False,active,"{ward,landmark,has_shelter,has_ticket_counter,wheelchair_access,audio_support,lat,lng,zone,district}",2026-08-30T00:00:00Z,2026-09-08T11:06:33Z,False
S0446,Naya Bato - Tinkune Link,,27.676384,85.28872,Kirtipur,KATHMANDU,,False,Naya Bato - Tinkune Link Chowk / Junction,False,False,False,False,False,active,"{ward,landmark,has_shelter,has_ticket_counter,wheelchair_access,audio_support,lat,lng,zone,district}",2026-08-30T00:00:00Z,2026-09-08T11:06:33Z,False
